id,target
0,yes
1,no
2,yes
3,no
4,no
5,yes
6,no
7,no
8,yes
9,yes
10,yes
11,no
12,no
13,yes
14,no
15,yes
16,yes
17,yes
18,no
19,no
20,no
21,no
22,yes
23,yes
24,no
25,no
26,yes
27,no
28,yes
29,yes
30,no
31,yes
32,no
33,yes
34,yes
35,no
36,yes
37,no
38,yes
39,yes
40,yes
41,yes
42,no
43,no
44,yes
45,no
46,yes
47,no
48,no
49,no
50,no
51,no
52,yes
53,no
54,yes
55,no
56,no
57,no
58,no
59,yes
60,no
61,no
62,yes
63,yes
64,yes
65,yes
66,no
67,yes
68,no
69,no
70,yes
71,no
72,yes
73,no
74,no
75,yes
76,yes
77,yes
78,yes
79,no
80,no
81,yes
82,no
83,no
84,yes
85,no
86,yes
87,no
88,no
89,no
90,no
91,no
92,no
93,yes
94,no
95,yes
96,no
97,yes
98,no
99,no
100,yes
101,no
102,no
103,no
104,no
105,yes
106,yes
107,yes
108,yes
109,yes
110,yes
111,no
112,yes
113,no
114,yes
115,no
116,no
117,no
118,no
119,yes
120,no
121,yes
122,no
123,no
124,no
125,yes
126,no
127,no
128,yes
129,no
130,no
131,yes
132,no
133,no
134,yes
135,no
136,yes
137,yes
138,no
139,no
140,yes
141,yes
142,no
143,yes
144,yes
145,yes
146,no
147,yes
148,no
149,yes
150,yes
151,no
152,no
153,no
154,yes
155,no
156,no
157,yes
158,no
159,yes
160,yes
161,yes
162,no
163,yes
164,no
165,no
166,no
167,yes
168,yes
169,yes
170,yes
171,yes
172,yes
173,yes
174,yes
175,yes
176,yes
177,no
178,yes
179,yes
180,yes
181,yes
182,yes
183,yes
184,no
185,no
186,no
187,yes
188,yes
189,yes
190,no
191,yes
192,yes
193,no
194,no
195,no
196,no
197,no
198,yes
199,no
200,yes
201,yes
202,yes
203,yes
204,no
205,yes
206,yes
207,yes
208,no
209,no
210,no
211,no
212,yes
213,yes
214,yes
215,yes
216,yes
217,no
218,no
219,no
220,yes
221,no
222,yes
223,no
224,yes
225,no
226,no
227,no
228,no
229,yes
230,no
231,yes
232,yes
233,no
234,no
235,yes
236,yes
237,yes
238,no
239,yes
240,yes
241,no
242,no
243,no
244,no
245,yes
246,no
247,no
248,yes
249,yes
250,yes
251,yes
252,no
253,yes
254,no
255,yes
256,yes
257,yes
258,no
259,no
260,yes
261,yes
262,yes
263,no
264,yes
265,yes
266,no
267,no
268,yes
269,no
270,yes
271,no
272,no
273,yes
274,yes
275,no
276,yes
277,no
278,yes
279,yes
280,no
281,no
282,yes
283,yes
284,no
285,no
286,no
287,yes
288,yes
289,yes
290,no
291,yes
292,yes
293,yes
294,yes
295,yes
296,no
297,no
298,no
299,no
300,no
301,no
302,no
303,no
304,no
305,yes
306,no
307,no
308,yes
309,yes
310,yes
311,yes
312,yes
313,no
314,no
315,yes
316,no
317,no
318,no
319,yes
320,no
321,no
322,yes
323,no
324,no
325,yes
326,yes
327,yes
328,no
329,no
330,yes
331,no
332,yes
333,no
334,yes
335,yes
336,yes
337,yes
338,yes
339,yes
340,yes
341,yes
342,yes
343,no
344,no
345,yes
346,no
347,no
348,yes
349,no
350,yes
351,yes
352,no
353,no
354,no
355,no
356,no
357,no
358,no
359,no
360,yes
361,no
362,yes
363,no
364,yes
365,no
366,yes
367,no
368,yes
369,yes
370,yes
371,yes
372,no
373,yes
374,no
375,no
376,no
377,no
378,yes
379,no
380,no
381,yes
382,no
383,yes
384,no
385,no
386,no
387,yes
388,no
389,no
390,yes
391,yes
392,no
393,no
394,yes
395,yes
396,no
397,no
398,yes
399,no
400,no
401,no
402,yes
403,yes
404,no
405,no
406,no
407,no
408,no
409,no
410,yes
411,yes
412,yes
413,yes
414,yes
415,no
416,no
417,yes
418,yes
419,no
420,no
421,no
422,yes
423,yes
424,yes
425,no
426,no
427,yes
428,no
429,yes
430,yes
431,no
432,no
433,yes
434,no
435,yes
436,no
437,no
438,no
439,yes
440,yes
441,no
442,yes
443,yes
444,yes
445,yes
446,yes
447,no
448,yes
449,yes
450,yes
451,no
452,yes
453,yes
454,no
455,no
456,no
457,no
458,yes
459,yes
460,no
461,yes
462,no
463,yes
464,no
465,yes
466,no
467,yes
468,no
469,yes
470,yes
471,no
472,yes
473,no
474,yes
475,yes
476,no
477,no
478,no
479,no
480,no
481,no
482,yes
483,no
484,yes
485,no
486,yes
487,no
488,yes
489,no
490,yes
491,yes
492,no
493,no
494,no
495,no
496,yes
497,yes
498,no
499,yes
500,no
501,yes
502,yes
503,no
504,no
505,no
506,yes
507,yes
508,yes
509,yes
510,yes
511,yes
512,no
513,yes
514,no
515,no
516,no
517,no
518,no
519,yes
520,no
521,yes
522,no
523,yes
524,no
525,yes
526,yes
527,yes
528,no
529,no
530,yes
531,yes
532,no
533,no
534,yes
535,yes
536,yes
537,yes
538,yes
539,yes
540,no
541,yes
542,yes
543,no
544,yes
545,no
546,no
547,yes
548,no
549,no
550,no
551,yes
552,no
553,no
554,no
555,yes
556,yes
557,no
558,no
559,no
560,no
561,yes
562,yes
563,no
564,no
565,yes
566,yes
567,yes
568,yes
569,yes
570,no
571,no
572,yes
573,no
574,yes
575,yes
576,yes
577,yes
578,no
579,yes
580,no
581,yes
582,yes
583,yes
584,no
585,no
586,no
587,no
588,no
589,no
590,no
591,yes
592,yes
593,yes
594,yes
595,no
596,no
597,no
598,yes
599,yes
600,yes
601,no
602,yes
603,yes
604,no
605,yes
606,no
607,yes
608,yes
609,no
610,yes
611,no
612,no
613,yes
614,no
615,no
616,no
617,no
618,no
619,no
620,yes
621,yes
622,yes
623,no
624,no
625,yes
626,yes
627,no
628,yes
629,no
630,yes
631,no
632,no
633,no
634,yes
635,yes
636,no
637,no
638,yes
639,no
640,no
641,yes
642,yes
643,no
644,no
645,no
646,yes
647,yes
648,no
649,no
650,yes
651,no
652,no
653,yes
654,no
655,yes
656,yes
657,yes
658,yes
659,no
660,yes
661,yes
662,yes
663,no
664,yes
665,no
666,no
667,yes
668,no
669,yes
670,no
671,yes
672,no
673,yes
674,yes
675,no
676,no
677,yes
678,no
679,no
680,yes
681,yes
682,no
683,yes
684,no
685,yes
686,no
687,no
688,no
689,no
690,no
691,no
692,no
693,no
694,no
695,yes
696,no
697,no
698,yes
699,no
700,yes
701,yes
702,no
703,no
704,yes
705,yes
706,yes
707,yes
708,no
709,yes
710,no
711,no
712,no
713,no
714,yes
715,yes
716,yes
717,no
718,yes
719,yes
720,yes
721,no
722,no
723,no
724,no
725,yes
726,yes
727,no
728,no
729,yes
730,yes
731,no
732,yes
733,yes
734,no
735,yes
736,no
737,no
738,no
739,yes
740,yes
741,no
742,yes
743,no
744,no
745,no
746,yes
747,no
748,yes
749,yes
750,yes
751,no
752,no
753,yes
754,yes
755,no
756,yes
757,no
758,no
759,no
760,yes
761,no
762,no
763,no
764,yes
765,no
766,no
767,yes
768,no
769,no
770,no
771,yes
772,no
773,no
774,yes
775,no
776,yes
777,no
778,no
779,no
780,yes
781,no
782,yes
783,yes
784,no
785,yes
786,yes
787,no
788,no
789,yes
790,yes
791,no
792,yes
793,yes
794,yes
795,no
796,no
797,yes
798,no
799,yes
800,yes
801,no
802,no
803,no
804,yes
805,yes
806,no
807,no
808,no
809,no
810,yes
811,no
812,no
813,no
814,no
815,no
816,yes
817,no
818,yes
819,yes
820,no
821,yes
822,no
823,yes
824,yes
825,no
826,no
827,yes
828,yes
829,no
830,yes
831,no
832,yes
833,yes
834,no
835,no
836,no
837,yes
838,yes
839,no
840,no
841,yes
842,no
843,yes
844,no
845,no
846,yes
847,yes
848,yes
849,no
850,yes
851,yes
852,yes
853,yes
854,no
855,no
856,no
857,no
858,yes
859,yes
860,no
861,yes
862,yes
863,no
864,yes
865,yes
866,no
867,yes
868,no
869,no
870,no
871,yes
872,yes
873,yes
874,yes
875,no
876,no
877,yes
878,no
879,no
880,no
881,yes
882,yes
883,yes
884,no
885,no
886,yes
887,yes
888,no
889,no
890,yes
891,yes
892,yes
893,yes
894,yes
895,no
896,no
897,yes
898,no
899,yes
900,yes
901,no
902,no
903,yes
904,no
905,yes
906,yes
907,yes
908,no
909,yes
910,no
911,no
912,yes
913,no
914,no
915,yes
916,no
917,no
918,yes
919,no
920,no
921,yes
922,yes
923,no
924,no
925,no
926,no
927,yes
928,yes
929,yes
930,no
931,no
932,no
933,no
934,yes
935,yes
936,no
937,yes
938,no
939,yes
940,yes
941,no
942,yes
943,yes
944,no
945,no
946,yes
947,yes
948,no
949,yes
950,no
951,yes
952,yes
953,yes
954,yes
955,no
956,no
957,no
958,no
959,no
960,yes
961,yes
962,yes
963,no
964,yes
965,no
966,no
967,yes
968,yes
969,yes
970,no
971,yes
972,no
973,yes
974,no
975,yes
976,yes
977,yes
978,no
979,no
980,yes
981,yes
982,yes
983,yes
984,no
985,yes
986,yes
987,yes
988,yes
989,yes
990,no
991,no
992,no
993,no
994,yes
995,yes
996,yes
997,no
998,yes
999,yes
1000,yes
1001,no
1002,no
1003,yes
1004,no
1005,yes
1006,yes
1007,yes
1008,yes
1009,yes
1010,no
1011,no
1012,yes
1013,no
1014,yes
1015,no
1016,no
1017,yes
1018,no
1019,no
1020,yes
1021,no
1022,yes
1023,no
1024,yes
1025,yes
1026,no
1027,no
1028,yes
1029,yes
1030,no
1031,no
1032,yes
1033,yes
1034,no
1035,no
1036,no
1037,no
1038,yes
1039,no
1040,yes
1041,yes
1042,yes
1043,no
1044,yes
1045,no
1046,yes
1047,no
1048,no
1049,yes
1050,no
1051,yes
1052,yes
1053,yes
1054,no
1055,yes
1056,no
1057,yes
1058,yes
1059,no
1060,no
1061,no
1062,yes
1063,yes
1064,yes
1065,yes
1066,yes
1067,no
1068,yes
1069,no
1070,yes
1071,yes
1072,no
1073,no
1074,yes
1075,yes
1076,yes
1077,no
1078,yes
1079,yes
1080,no
1081,no
1082,yes
1083,no
1084,no
1085,no
1086,yes
1087,yes
1088,no
1089,yes
1090,yes
1091,no
1092,no
1093,yes
1094,no
1095,no
1096,no
1097,yes
1098,yes
1099,yes
1100,yes
1101,no
1102,no
1103,no
1104,yes
1105,no
1106,yes
1107,no
1108,yes
1109,no
1110,yes
1111,no
1112,no
1113,yes
1114,yes
1115,yes
1116,no
1117,yes
1118,yes
1119,no
1120,no
1121,yes
1122,yes
1123,yes
1124,yes
1125,yes
1126,no
1127,yes
1128,no
1129,no
1130,no
1131,yes
1132,no
1133,yes
1134,yes
1135,no
1136,yes
1137,yes
1138,yes
1139,yes
1140,no
1141,yes
1142,no
1143,yes
1144,yes
1145,no
1146,yes
1147,no
1148,no
1149,yes
1150,no
1151,yes
1152,no
1153,no
1154,no
1155,no
1156,no
1157,no
1158,yes
1159,no
1160,no
1161,no
1162,no
1163,yes
1164,no
1165,no
1166,no
1167,yes
1168,yes
1169,yes
1170,yes
1171,yes
1172,no
1173,yes
1174,yes
1175,no
1176,no
1177,no
1178,yes
1179,yes
1180,no
1181,yes
1182,yes
1183,no
1184,yes
1185,yes
1186,yes
1187,no
1188,yes
1189,no
1190,no
1191,yes
1192,no
1193,yes
1194,no
1195,no
1196,yes
1197,yes
1198,no
1199,yes
1200,yes
1201,no
1202,no
1203,yes
1204,no
1205,no
1206,no
1207,no
1208,no
1209,yes
1210,yes
1211,yes
1212,yes
1213,no
1214,no
1215,no
1216,yes
1217,no
1218,yes
1219,yes
1220,no
1221,no
1222,no
1223,no
1224,yes
1225,no
1226,yes
1227,yes
1228,yes
1229,yes
1230,no
1231,no
1232,yes
1233,no
1234,yes
1235,no
1236,no
1237,no
1238,no
1239,yes
1240,yes
1241,yes
1242,no
1243,no
1244,yes
1245,yes
1246,yes
1247,no
1248,no
1249,yes
1250,yes
1251,yes
1252,yes
1253,no
1254,yes
1255,no
1256,yes
1257,yes
1258,yes
1259,no
1260,no
1261,yes
1262,yes
1263,no
1264,no
1265,no
1266,no
1267,no
1268,no
1269,no
1270,yes
1271,yes
1272,yes
1273,no
1274,yes
1275,no
1276,no
1277,no
1278,yes
1279,yes
1280,yes
1281,no
1282,no
1283,yes
1284,yes
1285,no
1286,yes
1287,no
1288,no
1289,yes
1290,yes
1291,no
1292,yes
1293,no
1294,no
1295,no
1296,no
1297,yes
1298,yes
1299,no
1300,no
1301,no
1302,yes
1303,yes
1304,no
1305,no
1306,yes
1307,yes
1308,no
1309,yes
1310,no
1311,yes
1312,no
1313,yes
1314,no
1315,yes
1316,no
1317,yes
1318,yes
1319,no
1320,no
1321,no
1322,no
1323,yes
1324,yes
1325,yes
1326,no
1327,yes
1328,no
1329,yes
1330,no
1331,yes
1332,no
1333,yes
1334,yes
1335,no
1336,yes
1337,no
1338,no
1339,yes
1340,yes
1341,yes
1342,no
1343,yes
1344,no
1345,yes
1346,no
1347,yes
1348,yes
1349,no
1350,yes
1351,no
1352,yes
1353,no
1354,no
1355,no
1356,no
1357,no
1358,no
1359,no
1360,no
1361,yes
1362,no
1363,yes
1364,yes
1365,no
1366,no
1367,no
1368,no
1369,no
1370,no
1371,no
1372,yes
1373,yes
1374,yes
1375,no
1376,no
1377,no
1378,yes
1379,yes
1380,yes
1381,no
1382,no
1383,no
1384,yes
1385,no
1386,no
1387,yes
1388,yes
1389,no
1390,no
1391,yes
1392,yes
1393,yes
1394,yes
1395,no
1396,yes
1397,yes
1398,yes
1399,no
1400,no
1401,no
1402,yes
1403,yes
1404,yes
1405,no
1406,yes
1407,yes
1408,no
1409,no
1410,yes
1411,yes
1412,no
1413,no
1414,no
1415,no
1416,yes
1417,yes
1418,no
1419,no
1420,yes
1421,no
1422,no
1423,no
1424,yes
1425,yes
1426,no
1427,no
1428,no
1429,no
1430,yes
1431,yes
1432,no
1433,yes
1434,yes
1435,no
1436,no
1437,yes
1438,yes
1439,yes
1440,no
1441,no
1442,no
1443,yes
1444,no
1445,yes
1446,yes
1447,yes
1448,no
1449,yes
1450,no
1451,no
1452,yes
1453,yes
1454,no
1455,yes
1456,no
1457,yes
1458,no
1459,no
1460,yes
1461,yes
1462,yes
1463,yes
1464,no
1465,yes
1466,no
1467,yes
1468,no
1469,yes
1470,yes
1471,yes
1472,no
1473,no
1474,no
1475,no
1476,yes
1477,yes
1478,no
1479,yes
1480,yes
1481,yes
1482,no
1483,yes
1484,no
1485,no
1486,yes
1487,yes
1488,yes
1489,yes
1490,no
1491,no
1492,no
1493,no
1494,yes
1495,no
1496,no
1497,no
1498,yes
1499,yes
1500,no
1501,yes
1502,no
1503,no
1504,no
1505,no
1506,yes
1507,yes
1508,yes
1509,no
1510,no
1511,yes
1512,no
1513,yes
1514,yes
1515,yes
1516,yes
1517,yes
1518,yes
1519,no
1520,yes
1521,no
1522,yes
1523,yes
1524,no
1525,no
1526,no
1527,no
1528,yes
1529,yes
1530,no
1531,yes
1532,no
1533,no
1534,no
1535,yes
1536,no
1537,yes
1538,yes
1539,yes
1540,no
1541,no
1542,yes
1543,no
1544,yes
1545,no
1546,no
1547,no
1548,no
1549,yes
1550,yes
1551,no
1552,no
1553,yes
1554,no
1555,yes
1556,yes
1557,yes
1558,no
1559,yes
1560,yes
1561,yes
1562,yes
1563,no
1564,no
1565,no
1566,no
1567,yes
1568,no
1569,no
1570,no
1571,yes
1572,no
1573,no
1574,no
1575,yes
1576,yes
1577,no
1578,no
1579,yes
1580,no
1581,no
1582,yes
1583,yes
1584,yes
1585,no
1586,yes
1587,yes
1588,yes
1589,yes
1590,yes
1591,yes
1592,no
1593,no
1594,no
1595,yes
1596,yes
1597,no
1598,no
1599,yes
1600,yes
1601,yes
1602,yes
1603,no
1604,no
1605,yes
1606,yes
1607,yes
1608,no
1609,no
1610,no
1611,yes
1612,no
1613,yes
1614,yes
1615,no
1616,yes
1617,no
1618,yes
1619,yes
1620,yes
1621,no
1622,no
1623,no
1624,yes
1625,no
1626,no
1627,no
1628,yes
1629,no
1630,yes
1631,yes
1632,no
1633,no
1634,yes
1635,yes
1636,yes
1637,no
1638,yes
1639,no
1640,yes
1641,no
1642,yes
1643,no
1644,yes
1645,yes
1646,yes
1647,no
1648,no
1649,yes
1650,no
1651,yes
1652,no
1653,yes
1654,yes
1655,no
1656,yes
1657,yes
1658,no
1659,no
1660,no
1661,yes
1662,no
1663,yes
1664,yes
1665,yes
1666,no
1667,yes
1668,yes
1669,yes
1670,yes
1671,yes
1672,no
1673,yes
1674,yes
1675,no
1676,no
1677,yes
1678,no
1679,no
1680,yes
1681,yes
1682,no
1683,yes
1684,yes
1685,yes
1686,no
1687,no
1688,no
1689,no
1690,yes
1691,no
1692,no
1693,no
1694,yes
1695,yes
1696,yes
1697,no
1698,yes
1699,yes
1700,yes
1701,no
1702,no
1703,yes
1704,no
1705,yes
1706,no
1707,no
1708,yes
1709,yes
1710,yes
1711,yes
1712,no
1713,no
1714,no
1715,no
1716,no
1717,yes
1718,yes
1719,no
1720,yes
1721,no
1722,yes
1723,no
1724,yes
1725,no
1726,yes
1727,yes
1728,no
1729,yes
1730,yes
1731,yes
1732,no
1733,no
1734,no
1735,no
1736,yes
1737,no
1738,no
1739,yes
1740,yes
1741,yes
1742,yes
1743,yes
1744,yes
1745,no
1746,no
1747,no
1748,no
1749,yes
1750,no
1751,no
1752,yes
1753,yes
1754,no
1755,yes
1756,no
1757,yes
1758,yes
1759,no
1760,no
1761,yes
1762,yes
1763,no
1764,yes
1765,no
1766,yes
1767,yes
1768,no
1769,no
1770,no
1771,yes
1772,no
1773,yes
1774,yes
1775,yes
1776,no
1777,no
1778,yes
1779,no
1780,no
1781,no
1782,no
1783,yes
1784,no
1785,yes
1786,no
1787,no
1788,no
1789,yes
1790,yes
1791,no
1792,no
1793,no
1794,no
1795,no
1796,yes
1797,no
1798,yes
1799,yes
1800,yes
1801,no
1802,yes
1803,yes
1804,no
1805,no
1806,yes
1807,no
1808,no
1809,no
1810,yes
1811,no
1812,yes
1813,no
1814,yes
1815,no
1816,yes
1817,no
1818,yes
1819,no
1820,yes
1821,yes
1822,yes
1823,no
1824,no
1825,no
1826,no
1827,yes
1828,yes
1829,yes
1830,no
1831,yes
1832,no
1833,no
1834,no
1835,no
1836,yes
1837,yes
1838,no
1839,yes
1840,no
1841,yes
1842,no
1843,yes
1844,no
1845,yes
1846,yes
1847,no
1848,no
1849,no
1850,yes
1851,no
1852,yes
1853,yes
1854,yes
1855,no
1856,yes
1857,no
1858,yes
1859,yes
1860,no
1861,no
1862,yes
1863,yes
1864,yes
1865,no
1866,no
1867,no
1868,yes
1869,yes
1870,yes
1871,yes
1872,no
1873,no
1874,yes
1875,yes
1876,yes
1877,yes
1878,yes
1879,yes
1880,yes
1881,yes
1882,yes
1883,yes
1884,yes
1885,yes
1886,no
1887,yes
1888,no
1889,no
1890,yes
1891,yes
1892,yes
1893,no
1894,yes
1895,no
1896,yes
1897,yes
1898,no
1899,no
1900,no
1901,yes
1902,no
1903,no
1904,yes
1905,yes
1906,yes
1907,no
1908,no
1909,yes
1910,no
1911,no
1912,yes
1913,no
1914,no
1915,yes
1916,no
1917,no
1918,no
1919,no
1920,no
1921,yes
1922,yes
1923,no
1924,no
1925,yes
1926,yes
1927,yes
1928,yes
1929,no
1930,yes
1931,yes
1932,yes
1933,yes
1934,yes
1935,yes
1936,yes
1937,no
1938,yes
1939,yes
1940,no
1941,yes
1942,no
1943,no
1944,no
1945,no
1946,yes
1947,yes
1948,yes
1949,yes
1950,yes
1951,no
1952,no
1953,yes
1954,yes
1955,no
1956,yes
1957,no
1958,yes
1959,no
1960,no
1961,yes
1962,no
1963,no
1964,yes
1965,no
1966,yes
1967,yes
1968,no
1969,no
1970,yes
1971,no
1972,no
1973,yes
1974,no
1975,yes
1976,no
1977,no
1978,no
1979,yes
1980,no
1981,yes
1982,no
1983,no
1984,yes
1985,no
1986,yes
1987,yes
1988,yes
1989,yes
1990,no
1991,no
1992,yes
1993,yes
1994,no
1995,yes
1996,no
1997,yes
1998,no
1999,yes
2000,yes
2001,no
2002,yes
2003,no
2004,yes
2005,yes
2006,no
2007,yes
2008,no
2009,no
2010,yes
2011,yes
2012,no
2013,no
2014,yes
2015,yes
2016,no
2017,yes
2018,yes
2019,no
2020,yes
2021,yes
2022,yes
2023,yes
2024,no
2025,no
2026,no
2027,yes
2028,no
2029,no
2030,no
2031,no
2032,no
2033,yes
2034,no
2035,yes
2036,yes
2037,no
2038,no
2039,yes
2040,no
2041,yes
2042,yes
2043,no
2044,no
2045,no
2046,yes
2047,no
2048,yes
2049,yes
2050,no
2051,yes
2052,yes
2053,no
2054,no
2055,no
2056,yes
2057,yes
2058,yes
2059,yes
2060,yes
2061,yes
2062,no
2063,no
2064,no
2065,yes
2066,no
2067,yes
2068,no
2069,yes
2070,no
2071,no
2072,yes
2073,no
2074,yes
2075,yes
2076,yes
2077,no
2078,no
2079,yes
2080,yes
2081,no
2082,no
2083,no
2084,no
2085,no
2086,no
2087,no
2088,no
2089,no
2090,yes
2091,yes
2092,no
2093,no
2094,no
2095,yes
2096,no
2097,no
2098,no
2099,yes
2100,no
2101,no
2102,yes
2103,no
2104,no
2105,yes
2106,no
2107,no
2108,yes
2109,yes
2110,no
2111,yes
2112,no
2113,no
2114,no
2115,yes
2116,yes
2117,yes
2118,yes
2119,no
2120,yes
2121,yes
2122,no
2123,yes
2124,yes
2125,no
2126,yes
2127,no
2128,yes
2129,no
2130,yes
2131,yes
2132,no
2133,yes
2134,no
2135,no
2136,no
2137,yes
2138,yes
2139,yes
2140,yes
2141,no
2142,no
2143,no
2144,no
2145,no
2146,yes
2147,no
2148,yes
2149,yes
2150,yes
2151,no
2152,yes
2153,yes
2154,no
2155,yes
2156,yes
2157,no
2158,yes
2159,yes
2160,yes
2161,no
2162,yes
2163,no
2164,no
2165,no
2166,yes
2167,yes
2168,no
2169,no
2170,no
2171,no
2172,yes
2173,yes
2174,yes
2175,no
2176,yes
2177,no
2178,yes
2179,yes
2180,no
2181,no
2182,no
2183,no
2184,yes
2185,yes
2186,yes
2187,yes
2188,yes
2189,yes
2190,yes
2191,no
2192,yes
2193,yes
2194,yes
2195,no
2196,no
2197,yes
2198,no
2199,no
2200,no
2201,no
2202,no
2203,no
2204,no
2205,yes
2206,no
2207,yes
2208,no
2209,no
2210,no
2211,yes
2212,no
2213,yes
2214,yes
2215,yes
2216,no
2217,yes
2218,no
2219,no
2220,no
2221,yes
2222,no
2223,yes
2224,no
2225,yes
2226,no
2227,yes
2228,yes
2229,no
2230,yes
2231,yes
2232,yes
2233,yes
2234,no
2235,yes
2236,yes
2237,yes
2238,yes
2239,yes
2240,yes
2241,yes
2242,no
2243,no
2244,no
2245,yes
2246,no
2247,no
2248,no
2249,yes
2250,no
2251,no
2252,no
2253,no
2254,no
2255,no
2256,yes
2257,no
2258,no
2259,yes
2260,no
2261,yes
2262,no
2263,no
2264,yes
2265,no
2266,yes
2267,no
2268,yes
2269,no
2270,no
2271,yes
2272,no
2273,no
2274,no
2275,no
2276,yes
2277,yes
2278,yes
2279,no
2280,yes
2281,no
2282,yes
2283,no
2284,yes
2285,yes
2286,no
2287,no
2288,no
2289,no
2290,yes
2291,no
2292,yes
2293,yes
2294,no
2295,yes
2296,yes
2297,no
2298,no
2299,no
2300,yes
2301,no
2302,no
2303,no
2304,no
2305,no
2306,yes
2307,no
2308,yes
2309,yes
2310,yes
2311,yes
2312,no
2313,yes
2314,no
2315,yes
2316,no
2317,yes
2318,no
2319,no
2320,no
2321,no
2322,yes
2323,yes
2324,no
2325,yes
2326,yes
2327,yes
2328,yes
2329,yes
2330,no
2331,no
2332,no
2333,no
2334,yes
2335,no
2336,yes
2337,no
2338,yes
2339,no
2340,no
2341,yes
2342,no
2343,no
2344,no
2345,no
2346,no
2347,yes
2348,yes
2349,yes
2350,no
2351,no
2352,yes
2353,no
2354,yes
2355,yes
2356,no
2357,no
2358,yes
2359,yes
2360,no
2361,yes
2362,yes
2363,no
2364,yes
2365,yes
2366,no
2367,yes
2368,yes
2369,yes
2370,yes
2371,yes
2372,yes
2373,no
2374,no
2375,yes
2376,yes
2377,yes
2378,yes
2379,no
2380,yes
2381,no
2382,no
2383,yes
2384,yes
2385,yes
2386,yes
2387,yes
2388,yes
2389,yes
2390,no
2391,no
2392,no
2393,yes
2394,no
2395,no
2396,yes
2397,no
2398,no
2399,no
2400,no
2401,no
2402,yes
2403,yes
2404,yes
2405,no
2406,yes
2407,no
2408,no
2409,no
2410,yes
2411,no
2412,yes
2413,yes
2414,no
2415,no
2416,no
2417,no
2418,yes
2419,yes
2420,yes
2421,no
2422,yes
2423,no
2424,yes
2425,no
2426,no
2427,no
2428,yes
2429,yes
2430,no
2431,yes
2432,yes
2433,yes
2434,yes
2435,no
2436,yes
2437,no
2438,yes
2439,no
2440,yes
2441,no
2442,no
2443,no
2444,no
2445,no
2446,yes
2447,no
2448,no
2449,yes
2450,no
2451,yes
2452,yes
2453,yes
2454,no
2455,yes
2456,yes
2457,no
2458,no
2459,yes
2460,no
2461,no
2462,no
2463,yes
2464,yes
2465,yes
2466,yes
2467,yes
2468,yes
2469,no
2470,yes
2471,no
2472,yes
2473,no
2474,yes
2475,no
2476,no
2477,no
2478,no
2479,yes
2480,no
2481,yes
2482,no
2483,no
2484,no
2485,no
2486,no
2487,yes
2488,no
2489,yes
2490,no
2491,yes
2492,no
2493,no
2494,yes
2495,yes
2496,no
2497,yes
2498,yes
2499,yes
2500,yes
2501,no
2502,yes
2503,yes
2504,yes
2505,yes
2506,no
2507,yes
2508,yes
2509,no
2510,yes
2511,yes
2512,no
2513,no
2514,yes
2515,yes
2516,yes
2517,yes
2518,no
2519,no
2520,yes
2521,no
2522,yes
2523,no
2524,yes
2525,no
2526,yes
2527,no
2528,yes
2529,yes
2530,yes
2531,no
2532,no
2533,no
2534,yes
2535,no
2536,no
2537,yes
2538,no
2539,yes
2540,no
2541,no
2542,yes
2543,yes
2544,no
2545,yes
2546,no
2547,yes
2548,yes
2549,no
2550,no
2551,no
2552,no
2553,no
2554,yes
2555,no
2556,yes
2557,no
2558,yes
2559,yes
2560,yes
2561,yes
2562,yes
2563,no
2564,yes
2565,no
2566,yes
2567,no
2568,yes
2569,yes
2570,yes
2571,no
2572,no
2573,no
2574,no
2575,yes
2576,yes
2577,no
2578,no
2579,no
2580,yes
2581,yes
2582,no
2583,no
2584,yes
2585,no
2586,no
2587,yes
2588,yes
2589,no
2590,yes
2591,no
2592,no
2593,no
2594,no
2595,yes
2596,yes
2597,no
2598,yes
2599,yes
2600,no
2601,no
2602,yes
2603,no
2604,no
2605,no
2606,yes
2607,no
2608,yes
2609,no
2610,yes
2611,yes
2612,yes
2613,yes
2614,yes
2615,yes
2616,no
2617,yes
2618,no
2619,yes
2620,no
2621,no
2622,no
2623,no
2624,no
2625,no
2626,no
2627,no
2628,no
2629,no
2630,no
2631,yes
2632,yes
2633,no
2634,yes
2635,yes
2636,yes
2637,no
2638,yes
2639,no
2640,no
2641,no
2642,no
2643,yes
2644,yes
2645,no
2646,no
2647,no
2648,yes
2649,yes
2650,no
2651,no
2652,yes
2653,no
2654,yes
2655,yes
2656,no
2657,no
2658,yes
2659,no
2660,no
2661,yes
2662,no
2663,no
2664,no
2665,yes
2666,no
2667,no
2668,no
2669,no
2670,yes
2671,yes
2672,yes
2673,yes
2674,no
2675,yes
2676,no
2677,no
2678,yes
2679,yes
2680,yes
2681,yes
2682,yes
2683,no
2684,yes
2685,yes
2686,no
2687,yes
2688,yes
2689,yes
2690,yes
2691,no
2692,yes
2693,yes
2694,yes
2695,yes
2696,no
2697,yes
2698,yes
2699,no
2700,no
2701,yes
2702,yes
2703,yes
2704,yes
2705,yes
2706,no
2707,no
2708,yes
2709,no
2710,yes
2711,yes
2712,no
2713,no
2714,no
2715,yes
2716,yes
2717,no
2718,no
2719,no
2720,no
2721,no
2722,no
2723,yes
2724,yes
2725,yes
2726,no
2727,no
2728,no
2729,yes
2730,yes
2731,no
2732,no
2733,yes
2734,yes
2735,no
2736,yes
2737,no
2738,yes
2739,no
2740,yes
2741,no
2742,yes
2743,yes
2744,no
2745,no
2746,no
2747,yes
2748,no
2749,no
2750,no
2751,yes
2752,no
2753,yes
2754,no
2755,yes
2756,no
2757,yes
2758,no
2759,no
2760,no
2761,no
2762,no
2763,no
2764,no
2765,yes
2766,yes
2767,no
2768,yes
2769,yes
2770,yes
2771,no
2772,no
2773,yes
2774,no
2775,yes
2776,no
2777,no
2778,yes
2779,no
2780,no
2781,no
2782,no
2783,no
2784,yes
2785,yes
2786,yes
2787,yes
2788,yes
2789,yes
2790,yes
2791,yes
2792,yes
2793,yes
2794,no
2795,no
2796,no
2797,no
2798,no
2799,no
2800,yes
2801,yes
2802,no
2803,no
2804,no
2805,no
2806,yes
2807,no
2808,no
2809,yes
2810,yes
2811,yes
2812,no
2813,no
2814,no
2815,no
2816,no
2817,no
2818,yes
2819,no
2820,yes
2821,yes
2822,no
2823,no
2824,yes
2825,no
2826,yes
2827,no
2828,no
2829,no
2830,no
2831,no
2832,no
2833,yes
2834,no
2835,yes
2836,no
2837,no
2838,no
2839,yes
2840,yes
2841,yes
2842,no
2843,yes
2844,yes
2845,yes
2846,yes
2847,yes
2848,no
2849,no
2850,no
2851,yes
2852,yes
2853,yes
2854,no
2855,yes
2856,yes
2857,yes
2858,yes
2859,yes
2860,yes
2861,no
2862,no
2863,yes
2864,yes
2865,no
2866,no
2867,no
2868,yes
2869,yes
2870,no
2871,no
2872,yes
2873,no
2874,no
2875,no
2876,no
2877,yes
2878,no
2879,yes
2880,yes
2881,yes
2882,no
2883,no
2884,no
2885,no
2886,no
2887,no
2888,yes
2889,no
2890,no
2891,no
2892,no
2893,yes
2894,no
2895,no
2896,no
2897,no
2898,no
2899,yes
2900,yes
2901,no
2902,no
2903,no
2904,yes
2905,no
2906,yes
2907,yes
2908,no
2909,yes
2910,no
2911,yes
2912,yes
2913,no
2914,yes
2915,no
2916,no
2917,no
2918,yes
2919,yes
2920,yes
2921,yes
2922,no
2923,yes
2924,no
2925,yes
2926,yes
2927,no
2928,yes
2929,yes
2930,yes
2931,no
2932,no
2933,yes
2934,no
2935,yes
2936,yes
2937,no
2938,no
2939,no
2940,yes
2941,yes
2942,yes
2943,no
2944,yes
2945,yes
2946,yes
2947,yes
2948,yes
2949,no
2950,yes
2951,yes
2952,no
2953,no
2954,yes
2955,no
2956,no
2957,no
2958,yes
2959,yes
2960,yes
2961,no
2962,no
2963,yes
2964,yes
2965,yes
2966,no
2967,yes
2968,yes
2969,no
2970,yes
2971,yes
2972,yes
2973,yes
2974,no
2975,no
2976,yes
2977,no
2978,no
2979,no
2980,yes
2981,yes
2982,yes
2983,yes
2984,yes
2985,yes
2986,no
2987,yes
2988,yes
2989,no
2990,no
2991,no
2992,no
2993,yes
2994,yes
2995,yes
2996,yes
2997,yes
2998,yes
2999,no
3000,yes
3001,yes
3002,no
3003,no
3004,no
3005,yes
3006,no
3007,no
3008,yes
3009,no
3010,no
3011,yes
3012,yes
3013,yes
3014,yes
3015,no
3016,yes
3017,yes
3018,yes
3019,yes
3020,no
3021,no
3022,no
3023,yes
3024,no
3025,no
3026,yes
3027,yes
3028,no
3029,no
3030,no
3031,yes
3032,no
3033,yes
3034,no
3035,yes
3036,no
3037,no
3038,yes
3039,no
3040,no
3041,no
3042,no
3043,no
3044,no
3045,no
3046,yes
3047,yes
3048,no
3049,no
3050,yes
3051,no
3052,no
3053,no
3054,no
3055,yes
3056,yes
3057,yes
3058,yes
3059,yes
3060,no
3061,no
3062,no
3063,yes
3064,no
3065,no
3066,yes
3067,no
3068,yes
3069,no
3070,no
3071,no
3072,yes
3073,no
3074,no
3075,yes
3076,yes
3077,yes
3078,yes
3079,no
3080,no
3081,no
3082,yes
3083,yes
3084,no
3085,yes
3086,yes
3087,no
3088,yes
3089,no
3090,yes
3091,no
3092,yes
3093,yes
3094,no
3095,no
3096,yes
3097,yes
3098,yes
3099,no
3100,no
3101,yes
3102,no
3103,yes
3104,yes
3105,yes
3106,yes
3107,no
3108,yes
3109,no
3110,yes
3111,no
3112,yes
3113,no
3114,no
3115,no
3116,no
3117,yes
3118,yes
3119,no
3120,yes
3121,yes
3122,yes
3123,no
3124,yes
3125,no
3126,yes
3127,no
3128,no
3129,no
3130,no
3131,no
3132,yes
3133,yes
3134,yes
3135,no
3136,no
3137,yes
3138,yes
3139,yes
3140,yes
3141,yes
3142,no
3143,yes
3144,yes
3145,no
3146,yes
3147,no
3148,no
3149,no
3150,yes
3151,yes
3152,yes
3153,no
3154,yes
3155,no
3156,no
3157,yes
3158,yes
3159,no
3160,no
3161,no
3162,no
3163,yes
3164,no
3165,yes
3166,no
3167,yes
3168,yes
3169,yes
3170,no
3171,yes
3172,yes
3173,yes
3174,no
3175,yes
3176,no
3177,yes
3178,no
3179,yes
3180,no
3181,no
3182,no
3183,yes
3184,no
3185,no
3186,no
3187,yes
3188,no
3189,yes
3190,yes
3191,yes
3192,yes
3193,no
3194,yes
3195,no
3196,no
3197,yes
3198,yes
3199,no
3200,yes
3201,no
3202,yes
3203,no
3204,no
3205,no
3206,yes
3207,yes
3208,no
3209,no
3210,yes
3211,yes
3212,no
3213,no
3214,no
3215,no
3216,yes
3217,yes
3218,yes
3219,no
3220,no
3221,no
3222,yes
3223,yes
3224,yes
3225,no
3226,yes
3227,yes
3228,no
3229,yes
3230,no
3231,yes
3232,no
3233,no
3234,yes
3235,no
3236,no
3237,yes
3238,yes
3239,no
3240,no
3241,no
3242,yes
3243,yes
3244,no
3245,yes
3246,yes
3247,no
3248,no
3249,no
3250,yes
3251,yes
3252,no
3253,yes
3254,yes
3255,no
3256,no
3257,no
3258,no
3259,no
3260,no
3261,yes
3262,yes
3263,yes
3264,no
3265,yes
3266,yes
3267,no
3268,yes
3269,no
3270,no
3271,yes
3272,yes
3273,no
3274,no
3275,yes
3276,yes
3277,yes
3278,yes
3279,no
3280,no
3281,no
3282,yes
3283,no
3284,no
3285,yes
3286,no
3287,yes
3288,no
3289,no
3290,no
3291,no
3292,yes
3293,yes
3294,no
3295,yes
3296,no
3297,yes
3298,no
3299,yes
3300,yes
3301,yes
3302,no
3303,no
3304,yes
3305,yes
3306,no
3307,yes
3308,no
3309,yes
3310,yes
3311,no
3312,no
3313,no
3314,no
3315,no
3316,yes
3317,no
3318,no
3319,yes
3320,no
3321,yes
3322,no
3323,no
3324,no
3325,yes
3326,yes
3327,no
3328,yes
3329,yes
3330,yes
3331,no
3332,yes
3333,yes
3334,yes
3335,no
3336,no
3337,yes
3338,no
3339,yes
3340,no
3341,no
3342,no
3343,no
3344,yes
3345,no
3346,no
3347,yes
3348,yes
3349,yes
3350,yes
3351,no
3352,no
3353,yes
3354,yes
3355,no
3356,no
3357,yes
3358,no
3359,no
3360,yes
3361,no
3362,no
3363,yes
3364,no
3365,yes
3366,no
3367,no
3368,yes
3369,yes
3370,yes
3371,no
3372,yes
3373,no
3374,no
3375,yes
3376,no
3377,yes
3378,yes
3379,no
3380,yes
3381,yes
3382,no
3383,yes
3384,yes
3385,no
3386,no
3387,no
3388,yes
3389,no
3390,no
3391,no
3392,no
3393,no
3394,yes
3395,yes
3396,no
3397,yes
3398,yes
3399,yes
3400,no
3401,no
3402,yes
3403,no
3404,yes
3405,no
3406,no
3407,no
3408,no
3409,no
3410,no
3411,yes
3412,yes
3413,no
3414,yes
3415,no
3416,yes
3417,yes
3418,no
3419,no
3420,yes
3421,yes
3422,no
3423,no
3424,no
3425,no
3426,no
3427,no
3428,no
3429,yes
3430,no
3431,yes
3432,yes
3433,yes
3434,yes
3435,no
3436,yes
3437,yes
3438,yes
3439,yes
3440,no
3441,yes
3442,yes
3443,yes
3444,no
3445,yes
3446,yes
3447,yes
3448,yes
3449,no
3450,no
3451,no
3452,yes
3453,yes
3454,yes
3455,yes
3456,yes
3457,yes
3458,yes
3459,no
3460,yes
3461,yes
3462,no
3463,no
3464,yes
3465,yes
3466,no
3467,no
3468,no
3469,yes
3470,yes
3471,no
3472,no
3473,no
3474,no
3475,no
3476,yes
3477,no
3478,yes
3479,no
3480,no
3481,no
3482,yes
3483,yes
3484,yes
3485,yes
3486,yes
3487,yes
3488,no
3489,yes
3490,yes
3491,yes
3492,yes
3493,no
3494,no
3495,yes
3496,no
3497,no
3498,yes
3499,no
3500,yes
3501,no
3502,no
3503,no
3504,no
3505,no
3506,no
3507,yes
3508,yes
3509,yes
3510,no
3511,yes
3512,yes
3513,no
3514,yes
3515,no
3516,no
3517,no
3518,yes
3519,yes
3520,yes
3521,yes
3522,yes
3523,no
3524,yes
3525,no
3526,yes
3527,yes
3528,yes
3529,no
3530,no
3531,no
3532,no
3533,no
3534,no
3535,no
3536,yes
3537,no
3538,yes
3539,no
3540,no
3541,yes
3542,yes
3543,yes
3544,yes
3545,no
3546,no
3547,no
3548,no
3549,no
3550,no
3551,no
3552,no
3553,yes
3554,no
3555,yes
3556,no
3557,no
3558,no
3559,yes
3560,yes
3561,no
3562,yes
3563,no
3564,no
3565,yes
3566,no
3567,yes
3568,no
3569,yes
3570,no
3571,yes
3572,yes
3573,yes
3574,yes
3575,no
3576,yes
3577,no
3578,no
3579,yes
3580,yes
3581,no
3582,yes
3583,no
3584,no
3585,no
3586,no
3587,no
3588,no
3589,yes
3590,yes
3591,no
3592,yes
3593,yes
3594,no
3595,no
3596,yes
3597,no
3598,no
3599,no
3600,no
3601,no
3602,yes
3603,no
3604,no
3605,no
3606,no
3607,yes
3608,no
3609,no
3610,yes
3611,yes
3612,yes
3613,no
3614,no
3615,yes
3616,no
3617,no
3618,yes
3619,yes
3620,no
3621,no
3622,yes
3623,no
3624,yes
3625,no
3626,yes
3627,no
3628,no
3629,yes
3630,yes
3631,no
3632,yes
3633,no
3634,no
3635,yes
3636,yes
3637,no
3638,yes
3639,yes
3640,yes
3641,no
3642,yes
3643,no
3644,yes
3645,no
3646,yes
3647,no
3648,yes
3649,no
3650,yes
3651,no
3652,no
3653,no
3654,no
3655,yes
3656,yes
3657,no
3658,no
3659,no
3660,no
3661,no
3662,no
3663,no
3664,yes
3665,no
3666,yes
3667,no
3668,no
3669,yes
3670,yes
3671,yes
3672,yes
3673,yes
3674,no
3675,no
3676,yes
3677,no
3678,yes
3679,yes
3680,no
3681,no
3682,no
3683,yes
3684,no
3685,no
3686,yes
3687,no
3688,yes
3689,no
3690,no
3691,no
3692,no
3693,yes
3694,no
3695,yes
3696,yes
3697,no
3698,no
3699,no
3700,yes
3701,no
3702,yes
3703,no
3704,no
3705,no
3706,no
3707,yes
3708,yes
3709,no
3710,no
3711,yes
3712,no
3713,yes
3714,no
3715,no
3716,yes
3717,no
3718,yes
3719,yes
3720,yes
3721,no
3722,yes
3723,yes
3724,yes
3725,yes
3726,no
3727,no
3728,no
3729,yes
3730,no
3731,yes
3732,no
3733,yes
3734,yes
3735,no
3736,yes
3737,no
3738,no
3739,yes
3740,no
3741,no
3742,no
3743,yes
3744,yes
3745,yes
3746,yes
3747,yes
3748,yes
3749,yes
3750,yes
3751,no
3752,yes
3753,no
3754,yes
3755,yes
3756,yes
3757,yes
3758,no
3759,no
3760,no
3761,yes
3762,yes
3763,no
3764,no
3765,yes
3766,no
3767,yes
3768,no
3769,yes
3770,no
3771,no
3772,yes
3773,no
3774,yes
3775,no
3776,yes
3777,no
3778,yes
3779,no
3780,yes
3781,yes
3782,yes
3783,yes
3784,no
3785,yes
3786,yes
3787,no
3788,no
3789,no
3790,no
3791,no
3792,no
3793,no
3794,no
3795,yes
3796,yes
3797,yes
3798,yes
3799,no
3800,yes
3801,no
3802,no
3803,no
3804,no
3805,yes
3806,yes
3807,yes
3808,yes
3809,no
3810,yes
3811,no
3812,yes
3813,no
3814,no
3815,no
3816,yes
3817,no
3818,no
3819,yes
3820,no
3821,yes
3822,no
3823,no
3824,yes
3825,yes
3826,no
3827,yes
3828,yes
3829,yes
3830,no
3831,no
3832,yes
3833,yes
3834,no
3835,no
3836,no
3837,no
3838,yes
3839,yes
3840,yes
3841,yes
3842,yes
3843,yes
3844,yes
3845,no
3846,no
3847,no
3848,no
3849,yes
3850,no
3851,no
3852,yes
3853,no
3854,no
3855,no
3856,yes
3857,no
3858,no
3859,yes
3860,yes
3861,no
3862,yes
3863,yes
3864,yes
3865,yes
3866,yes
3867,no
3868,no
3869,yes
3870,no
3871,yes
3872,no
3873,yes
3874,yes
3875,no
3876,no
3877,no
3878,yes
3879,no
3880,yes
3881,yes
3882,no
3883,yes
3884,yes
3885,no
3886,no
3887,no
3888,yes
3889,no
3890,no
3891,no
3892,no
3893,yes
3894,yes
3895,yes
3896,yes
3897,yes
3898,no
3899,yes
3900,yes
3901,no
3902,yes
3903,no
3904,yes
3905,no
3906,yes
3907,yes
3908,no
3909,yes
3910,yes
3911,yes
3912,yes
3913,yes
3914,yes
3915,no
3916,yes
3917,yes
3918,no
3919,yes
3920,yes
3921,yes
3922,no
3923,yes
3924,no
3925,no
3926,no
3927,yes
3928,no
3929,yes
3930,no
3931,no
3932,no
3933,no
3934,yes
3935,yes
3936,no
3937,no
3938,no
3939,no
3940,yes
3941,yes
3942,no
3943,no
3944,yes
3945,yes
3946,no
3947,yes
3948,yes
3949,yes
3950,no
3951,yes
3952,yes
3953,yes
3954,no
3955,yes
3956,no
3957,no
3958,no
3959,yes
3960,yes
3961,no
3962,yes
3963,no
3964,no
3965,yes
3966,no
3967,no
3968,yes
3969,no
3970,no
3971,yes
3972,yes
3973,no
3974,yes
3975,yes
3976,yes
3977,no
3978,yes
3979,no
3980,yes
3981,yes
3982,no
3983,no
3984,no
3985,yes
3986,no
3987,yes
3988,yes
3989,no
3990,no
3991,yes
3992,no
3993,yes
3994,no
3995,yes
3996,yes
3997,yes
3998,no
3999,no
4000,no
4001,yes
4002,yes
4003,yes
4004,yes
4005,no
4006,yes
4007,yes
4008,no
4009,yes
4010,no
4011,no
4012,no
4013,no
4014,yes
4015,no
4016,yes
4017,no
4018,no
4019,yes
4020,no
4021,yes
4022,no
4023,no
4024,no
4025,no
4026,yes
4027,no
4028,yes
4029,yes
4030,yes
4031,yes
4032,yes
4033,no
4034,no
4035,no
4036,no
4037,no
4038,yes
4039,yes
4040,yes
4041,yes
4042,yes
4043,no
4044,no
4045,yes
4046,yes
4047,no
4048,yes
4049,no
4050,no
4051,yes
4052,no
4053,yes
4054,yes
4055,yes
4056,yes
4057,no
4058,no
4059,no
4060,yes
4061,no
4062,yes
4063,yes
4064,no
4065,yes
4066,yes
4067,no
4068,yes
4069,no
4070,no
4071,no
4072,no
4073,no
4074,yes
4075,no
4076,yes
4077,no
4078,no
4079,no
4080,yes
4081,no
4082,yes
4083,no
4084,no
4085,no
4086,yes
4087,no
4088,no
4089,yes
4090,no
4091,yes
4092,no
4093,yes
4094,no
4095,no
4096,no
4097,yes
4098,no
4099,no
4100,no
4101,yes
4102,no
4103,yes
4104,no
4105,yes
4106,yes
4107,yes
4108,yes
4109,no
4110,no
4111,no
4112,yes
4113,yes
4114,yes
4115,yes
4116,no
4117,yes
4118,no
4119,no
4120,no
4121,no
4122,yes
4123,yes
4124,yes
4125,yes
4126,no
4127,yes
4128,no
4129,yes
4130,yes
4131,yes
4132,yes
4133,no
4134,no
4135,no
4136,yes
4137,no
4138,yes
4139,no
4140,yes
4141,yes
4142,yes
4143,no
4144,yes
4145,yes
4146,no
4147,yes
4148,yes
4149,yes
4150,yes
4151,yes
4152,no
4153,yes
4154,no
4155,no
4156,no
4157,no
4158,yes
4159,no
4160,yes
4161,no
4162,yes
4163,yes
4164,no
4165,yes
4166,no
4167,yes
4168,no
4169,yes
4170,yes
4171,yes
4172,yes
4173,no
4174,no
4175,yes
4176,no
4177,no
4178,no
4179,yes
4180,yes
4181,yes
4182,no
4183,yes
4184,yes
4185,no
4186,no
4187,no
4188,no
4189,no
4190,yes
4191,no
4192,no
4193,no
4194,no
4195,yes
4196,no
4197,no
4198,no
4199,no
4200,no
4201,yes
4202,no
4203,no
4204,yes
4205,no
4206,no
4207,yes
4208,no
4209,no
4210,yes
4211,yes
4212,yes
4213,no
4214,no
4215,yes
4216,no
4217,yes
4218,no
4219,yes
4220,yes
4221,no
4222,yes
4223,no
4224,no
4225,no
4226,no
4227,yes
4228,yes
4229,no
4230,no
4231,no
4232,no
4233,no
4234,no
4235,yes
4236,yes
4237,yes
4238,no
4239,yes
4240,yes
4241,yes
4242,yes
4243,yes
4244,yes
4245,yes
4246,yes
4247,yes
4248,no
4249,no
4250,yes
4251,yes
4252,no
4253,yes
4254,yes
4255,yes
4256,no
4257,no
4258,no
4259,no
4260,yes
4261,no
4262,yes
4263,yes
4264,yes
4265,no
4266,yes
4267,yes
4268,no
4269,no
4270,no
4271,no
4272,yes
4273,no
4274,no
4275,no
4276,yes
4277,no
4278,no
4279,yes
4280,no
4281,yes
4282,no
4283,no
4284,yes
4285,yes
4286,yes
4287,no
4288,yes
4289,no
4290,no
4291,yes
4292,no
4293,yes
4294,no
4295,yes
4296,yes
4297,no
4298,no
4299,yes
4300,yes
4301,yes
4302,no
4303,yes
4304,yes
4305,no
4306,no
4307,no
4308,no
4309,no
4310,no
4311,no
4312,yes
4313,yes
4314,yes
4315,no
4316,yes
4317,yes
4318,yes
4319,yes
4320,yes
4321,no
4322,yes
4323,no
4324,yes
4325,yes
4326,no
4327,yes
4328,yes
4329,yes
4330,no
4331,no
4332,no
4333,no
4334,no
4335,yes
4336,yes
4337,yes
4338,yes
4339,no
4340,yes
4341,no
4342,yes
4343,yes
4344,no
4345,yes
4346,no
4347,yes
4348,yes
4349,yes
4350,yes
4351,yes
4352,yes
4353,no
4354,yes
4355,no
4356,yes
4357,no
4358,yes
4359,yes
4360,yes
4361,yes
4362,no
4363,yes
4364,yes
4365,no
4366,yes
4367,yes
4368,yes
4369,yes
4370,no
4371,no
4372,yes
4373,yes
4374,no
4375,no
4376,no
4377,yes
4378,yes
4379,no
4380,no
4381,yes
4382,yes
4383,no
4384,no
4385,yes
4386,yes
4387,no
4388,yes
4389,yes
4390,no
4391,no
4392,no
4393,yes
4394,no
4395,no
4396,yes
4397,no
4398,yes
4399,no
4400,yes
4401,no
4402,yes
4403,yes
4404,yes
4405,yes
4406,no
4407,no
4408,yes
4409,yes
4410,yes
4411,yes
4412,no
4413,no
4414,yes
4415,no
4416,no
4417,yes
4418,no
4419,yes
4420,yes
4421,no
4422,yes
4423,no
4424,yes
4425,no
4426,yes
4427,yes
4428,yes
4429,yes
4430,yes
4431,yes
4432,no
4433,no
4434,yes
4435,no
4436,no
4437,no
4438,yes
4439,no
4440,yes
4441,yes
4442,no
4443,no
4444,no
4445,yes
4446,no
4447,no
4448,yes
4449,yes
4450,no
4451,yes
4452,no
4453,no
4454,no
4455,yes
4456,yes
4457,no
4458,no
4459,no
4460,yes
4461,yes
4462,yes
4463,no
4464,no
4465,no
4466,no
4467,yes
4468,no
4469,yes
4470,no
4471,no
4472,no
4473,yes
4474,yes
4475,yes
4476,yes
4477,yes
4478,no
4479,no
4480,no
4481,yes
4482,yes
4483,yes
4484,no
4485,no
4486,no
4487,yes
4488,no
4489,yes
4490,yes
4491,yes
4492,yes
4493,yes
4494,no
4495,no
4496,yes
4497,no
4498,yes
4499,no
4500,yes
4501,yes
4502,yes
4503,no
4504,no
4505,yes
4506,no
4507,yes
4508,no
4509,no
4510,yes
4511,yes
4512,yes
4513,no
4514,yes
4515,yes
4516,no
4517,no
4518,yes
4519,no
4520,no
4521,yes
4522,yes
4523,no
4524,no
4525,yes
4526,no
4527,yes
4528,no
4529,yes
4530,yes
4531,yes
4532,no
4533,no
4534,yes
4535,yes
4536,no
4537,yes
4538,no
4539,yes
4540,yes
4541,yes
4542,yes
4543,yes
4544,yes
4545,no
4546,yes
4547,yes
4548,yes
4549,yes
4550,yes
4551,yes
4552,yes
4553,yes
4554,no
4555,yes
4556,no
4557,yes
4558,yes
4559,no
4560,no
4561,yes
4562,yes
4563,yes
4564,yes
4565,no
4566,yes
4567,no
4568,yes
4569,yes
4570,yes
4571,yes
4572,no
4573,yes
4574,yes
4575,no
4576,yes
4577,yes
4578,no
4579,yes
4580,no
4581,no
4582,no
4583,no
4584,yes
4585,no
4586,yes
4587,no
4588,no
4589,yes
4590,no
4591,no
4592,yes
4593,yes
4594,yes
4595,no
4596,yes
4597,no
4598,yes
4599,yes
4600,no
4601,no
4602,yes
4603,yes
4604,no
4605,no
4606,no
4607,yes
4608,yes
4609,yes
4610,no
4611,yes
4612,no
4613,yes
4614,yes
4615,yes
4616,yes
4617,yes
4618,yes
4619,yes
4620,no
4621,no
4622,yes
4623,no
4624,yes
4625,no
4626,yes
4627,no
4628,yes
4629,no
4630,no
4631,yes
4632,no
4633,yes
4634,yes
4635,yes
4636,no
4637,no
4638,yes
4639,no
4640,no
4641,no
4642,yes
4643,no
4644,yes
4645,yes
4646,yes
4647,yes
4648,yes
4649,no
4650,no
4651,yes
4652,yes
4653,yes
4654,yes
4655,no
4656,yes
4657,yes
4658,yes
4659,yes
4660,yes
4661,no
4662,yes
4663,no
4664,yes
4665,no
4666,yes
4667,no
4668,no
4669,yes
4670,no
4671,no
4672,yes
4673,yes
4674,no
4675,yes
4676,yes
4677,yes
4678,no
4679,no
4680,yes
4681,no
4682,yes
4683,no
4684,no
4685,no
4686,no
4687,yes
4688,no
4689,no
4690,no
4691,yes
4692,no
4693,no
4694,no
4695,no
4696,yes
4697,yes
4698,yes
4699,yes
4700,no
4701,no
4702,yes
4703,no
4704,yes
4705,yes
4706,no
4707,yes
4708,no
4709,yes
4710,no
4711,no
4712,yes
4713,yes
4714,yes
4715,yes
4716,no
4717,no
4718,no
4719,yes
4720,no
4721,no
4722,no
4723,yes
4724,yes
4725,no
4726,yes
4727,yes
4728,no
4729,no
4730,no
4731,no
4732,no
4733,no
4734,no
4735,no
4736,no
4737,no
4738,yes
4739,no
4740,no
4741,yes
4742,no
4743,yes
4744,yes
4745,yes
4746,yes
4747,yes
4748,no
4749,no
4750,no
4751,no
4752,no
4753,no
4754,yes
4755,no
4756,yes
4757,yes
4758,yes
4759,yes
4760,yes
4761,yes
4762,yes
4763,yes
4764,yes
4765,no
4766,no
4767,yes
4768,no
4769,no
4770,yes
4771,no
4772,no
4773,yes
4774,yes
4775,no
4776,no
4777,no
4778,no
4779,no
4780,no
4781,yes
4782,yes
4783,yes
4784,no
4785,no
4786,no
4787,no
4788,no
4789,yes
4790,yes
4791,no
4792,yes
4793,yes
4794,yes
4795,yes
4796,no
4797,no
4798,no
4799,no
4800,yes
4801,yes
4802,no
4803,no
4804,yes
4805,no
4806,yes
4807,no
4808,yes
4809,yes
4810,yes
4811,yes
4812,yes
4813,yes
4814,no
4815,no
4816,no
4817,no
4818,yes
4819,no
4820,no
4821,yes
4822,yes
4823,no
4824,yes
4825,yes
4826,yes
4827,no
4828,no
4829,no
4830,yes
4831,no
4832,yes
4833,yes
4834,no
4835,yes
4836,no
4837,no
4838,no
4839,no
4840,yes
4841,no
4842,no
4843,yes
4844,no
4845,no
4846,yes
4847,no
4848,no
4849,no
4850,no
4851,yes
4852,no
4853,yes
4854,yes
4855,no
4856,no
4857,yes
4858,yes
4859,yes
4860,yes
4861,yes
4862,yes
4863,yes
4864,no
4865,yes
4866,no
4867,no
4868,no
4869,no
4870,yes
4871,no
4872,yes
4873,yes
4874,no
4875,no
4876,no
4877,no
4878,no
4879,yes
4880,yes
4881,yes
4882,yes
4883,no
4884,yes
4885,yes
4886,no
4887,yes
4888,no
4889,no
4890,no
4891,no
4892,yes
4893,no
4894,no
4895,yes
4896,yes
4897,yes
4898,no
4899,yes
4900,no
4901,no
4902,no
4903,yes
4904,no
4905,no
4906,no
4907,no
4908,no
4909,yes
4910,no
4911,no
4912,no
4913,yes
4914,yes
4915,no
4916,yes
4917,yes
4918,yes
4919,yes
4920,yes
4921,no
4922,no
4923,no
4924,no
4925,yes
4926,no
4927,no
4928,no
4929,no
4930,no
4931,no
4932,no
4933,yes
4934,no
4935,yes
4936,no
4937,no
4938,yes
4939,no
4940,yes
4941,yes
4942,no
4943,no
4944,yes
4945,no
4946,no
4947,yes
4948,no
4949,no
4950,yes
4951,yes
4952,no
4953,no
4954,yes
4955,no
4956,yes
4957,yes
4958,yes
4959,no
4960,no
4961,yes
4962,yes
4963,yes
4964,no
4965,yes
4966,yes
4967,yes
4968,no
4969,yes
4970,no
4971,yes
4972,no
4973,yes
4974,no
4975,yes
4976,yes
4977,yes
4978,no
4979,yes
4980,yes
4981,yes
4982,no
4983,yes
4984,no
4985,yes
4986,yes
4987,no
4988,yes
4989,no
4990,no
4991,no
4992,no
4993,yes
4994,no
4995,no
4996,yes
4997,yes
4998,yes
4999,no
5000,yes
5001,yes
5002,no
5003,yes
5004,no
5005,yes
5006,no
5007,yes
5008,no
5009,no
5010,no
5011,no
5012,no
5013,no
5014,yes
5015,no
5016,yes
5017,yes
5018,no
5019,no
5020,no
5021,no
5022,yes
5023,no
5024,no
5025,no
5026,no
5027,yes
5028,yes
5029,yes
5030,yes
5031,yes
5032,no
5033,no
5034,yes
5035,yes
5036,no
5037,no
5038,yes
5039,no
5040,yes
5041,yes
5042,yes
5043,yes
5044,yes
5045,no
5046,yes
5047,no
5048,yes
5049,no
5050,yes
5051,yes
5052,yes
5053,no
5054,yes
5055,no
5056,yes
5057,yes
5058,yes
5059,yes
5060,no
5061,yes
5062,yes
5063,yes
5064,yes
5065,no
5066,yes
5067,no
5068,yes
5069,yes
5070,no
5071,yes
5072,no
5073,no
5074,no
5075,no
5076,yes
5077,no
5078,no
5079,no
5080,yes
5081,yes
5082,no
5083,no
5084,no
5085,no
5086,no
5087,no
5088,no
5089,yes
5090,yes
5091,yes
5092,no
5093,yes
5094,yes
5095,no
5096,yes
5097,yes
5098,no
5099,no
5100,no
5101,no
5102,no
5103,yes
5104,no
5105,no
5106,yes
5107,yes
5108,no
5109,no
5110,no
5111,yes
5112,no
5113,yes
5114,no
5115,no
5116,yes
5117,no
5118,yes
5119,no
5120,yes
5121,no
5122,no
5123,no
5124,no
5125,yes
5126,yes
5127,no
5128,no
5129,yes
5130,no
5131,no
5132,yes
5133,no
5134,no
5135,yes
5136,no
5137,yes
5138,yes
5139,yes
5140,yes
5141,yes
5142,no
5143,no
5144,no
5145,yes
5146,yes
5147,yes
5148,yes
5149,no
5150,no
5151,yes
5152,no
5153,no
5154,yes
5155,yes
5156,yes
5157,yes
5158,no
5159,no
5160,yes
5161,yes
5162,no
5163,yes
5164,yes
5165,no
5166,yes
5167,yes
5168,no
5169,yes
5170,no
5171,yes
5172,yes
5173,yes
5174,no
5175,no
5176,yes
5177,no
5178,no
5179,no
5180,yes
5181,yes
5182,yes
5183,no
5184,no
5185,yes
5186,no
5187,yes
5188,yes
5189,no
5190,yes
5191,no
5192,no
5193,yes
5194,yes
5195,yes
5196,no
5197,no
5198,no
5199,yes
5200,yes
5201,yes
5202,yes
5203,no
5204,yes
5205,no
5206,no
5207,no
5208,yes
5209,no
5210,yes
5211,yes
5212,no
5213,no
5214,no
5215,no
5216,yes
5217,no
5218,yes
5219,no
5220,yes
5221,no
5222,yes
5223,no
5224,yes
5225,yes
5226,no
5227,yes
5228,yes
5229,no
5230,no
5231,yes
5232,no
5233,no
5234,no
5235,no
5236,yes
5237,no
5238,yes
5239,yes
5240,yes
5241,no
5242,no
5243,yes
5244,no
5245,yes
5246,yes
5247,no
5248,yes
5249,no
5250,yes
5251,no
5252,no
5253,yes
5254,yes
5255,no
5256,yes
5257,yes
5258,yes
5259,yes
5260,yes
5261,no
5262,yes
5263,no
5264,yes
5265,yes
5266,yes
5267,yes
5268,no
5269,no
5270,no
5271,yes
5272,no
5273,no
5274,no
5275,no
5276,no
5277,no
5278,no
5279,yes
5280,yes
5281,no
5282,yes
5283,no
5284,yes
5285,yes
5286,no
5287,no
5288,yes
5289,yes
5290,yes
5291,yes
5292,no
5293,no
5294,no
5295,no
5296,yes
5297,yes
5298,no
5299,no
5300,no
5301,yes
5302,no
5303,yes
5304,no
5305,yes
5306,yes
5307,no
5308,no
5309,yes
5310,yes
5311,yes
5312,yes
5313,no
5314,no
5315,no
5316,yes
5317,yes
5318,yes
5319,yes
5320,no
5321,yes
5322,yes
5323,no
5324,yes
5325,no
5326,yes
5327,no
5328,no
5329,no
5330,yes
5331,yes
5332,yes
5333,no
5334,no
5335,no
5336,no
5337,no
5338,yes
5339,no
5340,yes
5341,yes
5342,yes
5343,yes
5344,no
5345,no
5346,no
5347,yes
5348,yes
5349,yes
5350,no
5351,yes
5352,yes
5353,yes
5354,yes
5355,no
5356,yes
5357,yes
5358,yes
5359,no
5360,yes
5361,no
5362,yes
5363,yes
5364,yes
5365,no
5366,no
5367,yes
5368,no
5369,yes
5370,no
5371,yes
5372,yes
5373,no
5374,no
5375,yes
5376,no
5377,no
5378,yes
5379,no
5380,no
5381,yes
5382,no
5383,yes
5384,no
5385,yes
5386,yes
5387,yes
5388,yes
5389,no
5390,no
5391,yes
5392,yes
5393,no
5394,yes
5395,no
5396,yes
5397,yes
5398,no
5399,no
5400,yes
5401,yes
5402,yes
5403,yes
5404,yes
5405,yes
5406,yes
5407,no
5408,yes
5409,yes
5410,yes
5411,no
5412,no
5413,yes
5414,yes
5415,yes
5416,yes
5417,no
5418,yes
5419,no
5420,yes
5421,yes
5422,yes
5423,yes
5424,no
5425,yes
5426,yes
5427,yes
5428,no
5429,yes
5430,no
5431,yes
5432,yes
5433,no
5434,yes
5435,yes
5436,no
5437,no
5438,yes
5439,no
5440,yes
5441,no
5442,yes
5443,yes
5444,yes
5445,no
5446,yes
5447,yes
5448,yes
5449,yes
5450,yes
5451,yes
5452,yes
5453,yes
5454,yes
5455,no
5456,yes
5457,no
5458,yes
5459,yes
5460,no
5461,yes
5462,yes
5463,yes
5464,no
5465,yes
5466,no
5467,yes
5468,yes
5469,no
5470,no
5471,no
5472,no
5473,yes
5474,no
5475,no
5476,yes
5477,no
5478,no
5479,yes
5480,no
5481,no
5482,yes
5483,no
5484,no
5485,yes
5486,yes
5487,no
5488,yes
5489,no
5490,yes
5491,no
5492,yes
5493,yes
5494,no
5495,no
5496,yes
5497,no
5498,yes
5499,yes
5500,no
5501,no
5502,yes
5503,yes
5504,yes
5505,no
5506,no
5507,no
5508,yes
5509,yes
5510,yes
5511,no
5512,yes
5513,yes
5514,no
5515,no
5516,yes
5517,yes
5518,yes
5519,no
5520,no
5521,no
5522,no
5523,no
5524,no
5525,yes
5526,no
5527,no
5528,no
5529,yes
5530,yes
5531,yes
5532,no
5533,no
5534,yes
5535,no
5536,yes
5537,no
5538,yes
5539,yes
5540,yes
5541,yes
5542,yes
5543,yes
5544,no
5545,yes
5546,yes
5547,yes
5548,yes
5549,yes
5550,no
5551,yes
5552,yes
5553,no
5554,no
5555,yes
5556,no
5557,no
5558,no
5559,yes
5560,no
5561,no
5562,no
5563,yes
5564,no
5565,yes
5566,no
5567,no
5568,no
5569,yes
5570,no
5571,no
5572,yes
5573,yes
5574,no
5575,no
5576,no
5577,no
5578,no
5579,yes
5580,yes
5581,no
5582,yes
5583,yes
5584,yes
5585,no
5586,no
5587,no
5588,no
5589,yes
5590,no
5591,no
5592,no
5593,no
5594,no
5595,no
5596,no
5597,no
5598,no
5599,no
5600,yes
5601,no
5602,yes
5603,yes
5604,yes
5605,no
5606,no
5607,yes
5608,yes
5609,no
5610,no
5611,yes
5612,no
5613,no
5614,yes
5615,no
5616,yes
5617,no
5618,no
5619,no
5620,yes
5621,no
5622,no
5623,no
5624,yes
5625,no
5626,no
5627,no
5628,no
5629,yes
5630,no
5631,yes
5632,yes
5633,yes
5634,no
5635,yes
5636,yes
5637,no
5638,yes
5639,yes
5640,no
5641,yes
5642,no
5643,no
5644,no
5645,yes
5646,yes
5647,no
5648,yes
5649,yes
5650,no
5651,yes
5652,yes
5653,yes
5654,yes
5655,yes
5656,yes
5657,yes
5658,yes
5659,no
5660,yes
5661,yes
5662,no
5663,no
5664,no
5665,yes
5666,yes
5667,yes
5668,yes
5669,no
5670,no
5671,yes
5672,no
5673,yes
5674,no
5675,yes
5676,no
5677,no
5678,no
5679,no
5680,yes
5681,yes
5682,yes
5683,no
5684,yes
5685,yes
5686,no
5687,yes
5688,yes
5689,no
5690,yes
5691,no
5692,yes
5693,yes
5694,no
5695,yes
5696,no
5697,no
5698,yes
5699,yes
5700,no
5701,yes
5702,yes
5703,no
5704,yes
5705,yes
5706,no
5707,yes
5708,yes
5709,yes
5710,no
5711,yes
5712,no
5713,yes
5714,no
5715,yes
5716,no
5717,yes
5718,yes
5719,yes
5720,no
5721,yes
5722,no
5723,no
5724,no
5725,yes
5726,no
5727,yes
5728,no
5729,yes
5730,no
5731,no
5732,no
5733,yes
5734,yes
5735,yes
5736,yes
5737,no
5738,no
5739,no
5740,yes
5741,yes
5742,yes
5743,no
5744,no
5745,no
5746,no
5747,yes
5748,yes
5749,yes
5750,no
5751,yes
5752,no
5753,no
5754,no
5755,yes
5756,no
5757,yes
5758,yes
5759,yes
5760,yes
5761,no
5762,yes
5763,yes
5764,yes
5765,yes
5766,yes
5767,no
5768,no
5769,no
5770,no
5771,yes
5772,no
5773,no
5774,yes
5775,no
5776,yes
5777,yes
5778,yes
5779,no
5780,yes
5781,no
5782,no
5783,yes
5784,yes
5785,yes
5786,no
5787,yes
5788,yes
5789,no
5790,yes
5791,yes
5792,no
5793,yes
5794,no
5795,yes
5796,no
5797,no
5798,no
5799,no
5800,no
5801,no
5802,yes
5803,yes
5804,no
5805,yes
5806,no
5807,no
5808,no
5809,yes
5810,yes
5811,no
5812,yes
5813,yes
5814,yes
5815,yes
5816,no
5817,yes
5818,yes
5819,yes
5820,no
5821,yes
5822,yes
5823,yes
5824,no
5825,yes
5826,yes
5827,no
5828,no
5829,no
5830,no
5831,no
5832,no
5833,yes
5834,yes
5835,yes
5836,no
5837,yes
5838,yes
5839,yes
5840,yes
5841,no
5842,no
5843,no
5844,yes
5845,no
5846,yes
5847,no
5848,yes
5849,no
5850,no
5851,no
5852,no
5853,yes
5854,no
5855,yes
5856,yes
5857,yes
5858,yes
5859,no
5860,no
5861,yes
5862,no
5863,yes
5864,no
5865,yes
5866,no
5867,yes
5868,yes
5869,yes
5870,no
5871,no
5872,no
5873,no
5874,no
5875,yes
5876,yes
5877,yes
5878,no
5879,no
5880,yes
5881,no
5882,no
5883,yes
5884,yes
5885,yes
5886,yes
5887,yes
5888,yes
5889,no
5890,no
5891,yes
5892,yes
5893,yes
5894,yes
5895,yes
5896,yes
5897,yes
5898,yes
5899,no
5900,no
5901,no
5902,yes
5903,no
5904,yes
5905,no
5906,yes
5907,yes
5908,no
5909,no
5910,yes
5911,no
5912,no
5913,no
5914,yes
5915,yes
5916,no
5917,yes
5918,yes
5919,yes
5920,no
5921,yes
5922,yes
5923,yes
5924,no
5925,no
5926,yes
5927,no
5928,yes
5929,no
5930,yes
5931,yes
5932,yes
5933,yes
5934,yes
5935,no
5936,no
5937,no
5938,yes
5939,no
5940,yes
5941,no
5942,yes
5943,yes
5944,yes
5945,yes
5946,no
5947,yes
5948,no
5949,no
5950,no
5951,yes
5952,no
5953,yes
5954,no
5955,yes
5956,yes
5957,yes
5958,yes
5959,yes
5960,no
5961,yes
5962,no
5963,no
5964,no
5965,no
5966,no
5967,yes
5968,no
5969,no
5970,no
5971,yes
5972,yes
5973,no
5974,no
5975,no
5976,no
5977,yes
5978,yes
5979,no
5980,yes
5981,no
5982,no
5983,yes
5984,no
5985,yes
5986,no
5987,no
5988,yes
5989,yes
5990,yes
5991,no
5992,no
5993,no
5994,no
5995,no
5996,yes
5997,yes
5998,yes
5999,yes
6000,yes
6001,yes
6002,no
6003,yes
6004,yes
6005,yes
6006,yes
6007,yes
6008,no
6009,yes
6010,no
6011,yes
6012,no
6013,no
6014,yes
6015,no
6016,yes
6017,yes
6018,no
6019,no
6020,no
6021,yes
6022,no
6023,yes
6024,no
6025,no
6026,no
6027,yes
6028,no
6029,no
6030,no
6031,yes
6032,yes
6033,yes
6034,no
6035,no
6036,no
6037,no
6038,no
6039,no
6040,no
6041,yes
6042,no
6043,no
6044,yes
6045,yes
6046,yes
6047,yes
6048,yes
6049,yes
6050,no
6051,no
6052,yes
6053,yes
6054,yes
6055,yes
6056,yes
6057,no
6058,no
6059,no
6060,yes
6061,no
6062,yes
6063,no
6064,yes
6065,no
6066,yes
6067,yes
6068,no
6069,no
6070,yes
6071,yes
6072,no
6073,yes
6074,no
6075,no
6076,yes
6077,no
6078,no
6079,yes
6080,yes
6081,yes
6082,yes
6083,yes
6084,yes
6085,no
6086,no
6087,yes
6088,no
6089,no
6090,yes
6091,no
6092,yes
6093,yes
6094,no
6095,no
6096,no
6097,no
6098,no
6099,no
6100,no
6101,yes
6102,no
6103,no
6104,no
6105,yes
6106,yes
6107,no
6108,yes
6109,no
6110,no
6111,yes
6112,no
6113,no
6114,no
6115,no
6116,no
6117,yes
6118,no
6119,no
6120,no
6121,no
6122,no
6123,no
6124,yes
6125,yes
6126,yes
6127,yes
6128,no
6129,no
6130,yes
6131,no
6132,no
6133,no
6134,no
6135,yes
6136,yes
6137,yes
6138,yes
6139,no
6140,no
6141,no
6142,no
6143,yes
6144,yes
6145,no
6146,yes
6147,no
6148,no
6149,no
6150,yes
6151,yes
6152,yes
6153,yes
6154,yes
6155,no
6156,no
6157,yes
6158,no
6159,no
6160,yes
6161,no
6162,yes
6163,yes
6164,no
6165,yes
6166,yes
6167,no
6168,no
6169,no
6170,no
6171,no
6172,yes
6173,yes
6174,no
6175,yes
6176,no
6177,yes
6178,no
6179,yes
6180,no
6181,yes
6182,no
6183,no
6184,yes
6185,yes
6186,no
6187,no
6188,yes
6189,yes
6190,yes
6191,yes
6192,yes
6193,no
6194,yes
6195,yes
6196,no
6197,yes
6198,no
6199,yes
6200,yes
6201,yes
6202,yes
6203,no
6204,yes
6205,no
6206,yes
6207,yes
6208,yes
6209,no
6210,no
6211,no
6212,no
6213,yes
6214,no
6215,no
6216,yes
6217,no
6218,no
6219,yes
6220,no
6221,yes
6222,no
6223,yes
6224,no
6225,no
6226,yes
6227,yes
6228,no
6229,yes
6230,no
6231,no
6232,no
6233,no
6234,no
6235,no
6236,no
6237,yes
6238,no
6239,no
6240,no
6241,yes
6242,no
6243,no
6244,no
6245,no
6246,yes
6247,yes
6248,yes
6249,yes
6250,no
6251,no
6252,yes
6253,yes
6254,no
6255,yes
6256,yes
6257,yes
6258,yes
6259,no
6260,yes
6261,yes
6262,yes
6263,no
6264,yes
6265,no
6266,yes
6267,no
6268,yes
6269,no
6270,no
6271,no
6272,no
6273,yes
6274,no
6275,no
6276,no
6277,yes
6278,yes
6279,yes
6280,no
6281,no
6282,no
6283,yes
6284,no
6285,no
6286,yes
6287,no
6288,no
6289,no
6290,no
6291,no
6292,yes
6293,yes
6294,yes
6295,yes
6296,yes
6297,yes
6298,yes
6299,no
6300,no
6301,no
6302,yes
6303,no
6304,no
6305,no
6306,yes
6307,yes
6308,yes
6309,no
6310,yes
6311,yes
6312,no
6313,yes
6314,yes
6315,no
6316,no
6317,yes
6318,yes
6319,no
6320,no
6321,no
6322,yes
6323,no
6324,no
6325,no
6326,yes
6327,no
6328,no
6329,yes
6330,yes
6331,no
6332,no
6333,no
6334,yes
6335,yes
6336,no
6337,yes
6338,no
6339,no
6340,no
6341,yes
6342,no
6343,yes
6344,yes
6345,no
6346,no
6347,no
6348,no
6349,no
6350,yes
6351,yes
6352,yes
6353,yes
6354,yes
6355,no
6356,yes
6357,no
6358,yes
6359,yes
6360,yes
6361,yes
6362,no
6363,no
6364,yes
6365,no
6366,yes
6367,no
6368,no
6369,no
6370,no
6371,no
6372,no
6373,yes
6374,yes
6375,yes
6376,yes
6377,no
6378,yes
6379,yes
6380,yes
6381,no
6382,no
6383,no
6384,no
6385,yes
6386,yes
6387,no
6388,yes
6389,no
6390,no
6391,yes
6392,no
6393,no
6394,no
6395,yes
6396,yes
6397,no
6398,no
6399,yes
6400,yes
6401,no
6402,yes
6403,no
6404,yes
6405,no
6406,no
6407,yes
6408,yes
6409,yes
6410,yes
6411,yes
6412,no
6413,yes
6414,yes
6415,yes
6416,yes
6417,no
6418,no
6419,no
6420,yes
6421,yes
6422,no
6423,no
6424,no
6425,no
6426,no
6427,no
6428,no
6429,no
6430,yes
6431,no
6432,no
6433,yes
6434,yes
6435,yes
6436,no
6437,no
6438,no
6439,no
6440,no
6441,no
6442,no
6443,no
6444,yes
6445,no
6446,no
6447,yes
6448,no
6449,no
6450,yes
6451,no
6452,yes
6453,no
6454,yes
6455,yes
6456,no
6457,no
6458,no
6459,no
6460,no
6461,no
6462,yes
6463,no
6464,yes
6465,no
6466,no
6467,no
6468,yes
6469,yes
6470,yes
6471,yes
6472,yes
6473,yes
6474,no
6475,no
6476,no
6477,no
6478,no
6479,yes
6480,yes
6481,no
6482,yes
6483,yes
6484,no
6485,yes
6486,yes
6487,no
6488,yes
6489,no
6490,yes
6491,yes
6492,no
6493,no
6494,no
6495,no
6496,yes
6497,yes
6498,no
6499,no
6500,yes
6501,no
6502,yes
6503,yes
6504,yes
6505,yes
6506,no
6507,no
6508,yes
6509,no
6510,yes
6511,no
6512,no
6513,no
6514,no
6515,no
6516,no
6517,yes
6518,no
6519,no
6520,yes
6521,no
6522,no
6523,yes
6524,no
6525,yes
6526,no
6527,no
6528,no
6529,no
6530,no
6531,yes
6532,yes
6533,no
6534,no
6535,yes
6536,no
6537,yes
6538,no
6539,yes
6540,no
6541,yes
6542,yes
6543,yes
6544,yes
6545,yes
6546,yes
6547,no
6548,no
6549,yes
6550,no
6551,no
6552,no
6553,yes
6554,no
6555,no
6556,no
6557,yes
6558,no
6559,yes
6560,yes
6561,yes
6562,yes
6563,yes
6564,no
6565,yes
6566,no
6567,yes
6568,yes
6569,no
6570,no
6571,no
6572,yes
6573,no
6574,yes
6575,no
6576,yes
6577,no
6578,no
6579,yes
6580,no
6581,yes
6582,no
6583,yes
6584,no
6585,no
6586,yes
6587,no
6588,yes
6589,no
6590,yes
6591,yes
6592,no
6593,yes
6594,yes
6595,yes
6596,no
6597,yes
6598,no
6599,no
6600,yes
6601,no
6602,yes
6603,yes
6604,yes
6605,no
6606,yes
6607,no
6608,no
6609,no
6610,no
6611,yes
6612,yes
6613,no
6614,no
6615,no
6616,no
6617,yes
6618,no
6619,no
6620,yes
6621,no
6622,yes
6623,yes
6624,no
6625,yes
6626,yes
6627,no
6628,yes
6629,yes
6630,yes
6631,yes
6632,no
6633,yes
6634,no
6635,yes
6636,yes
6637,yes
6638,no
6639,no
6640,no
6641,yes
6642,no
6643,no
6644,no
6645,yes
6646,no
6647,yes
6648,yes
6649,yes
6650,yes
6651,no
6652,no
6653,yes
6654,no
6655,yes
6656,yes
6657,no
6658,yes
6659,yes
6660,yes
6661,no
6662,no
6663,no
6664,yes
6665,no
6666,no
6667,yes
6668,no
6669,yes
6670,yes
6671,no
6672,no
6673,yes
6674,yes
6675,no
6676,yes
6677,no
6678,yes
6679,yes
6680,yes
6681,yes
6682,no
6683,no
6684,yes
6685,yes
6686,yes
6687,no
6688,yes
6689,no
6690,no
6691,yes
6692,yes
6693,yes
6694,yes
6695,no
6696,no
6697,no
6698,yes
6699,no
6700,yes
6701,no
6702,yes
6703,yes
6704,no
6705,no
6706,yes
6707,yes
6708,no
6709,no
6710,no
6711,no
6712,no
6713,no
6714,yes
6715,yes
6716,no
6717,yes
6718,no
6719,yes
6720,no
6721,no
6722,yes
6723,no
6724,yes
6725,no
6726,no
6727,yes
6728,yes
6729,no
6730,yes
6731,no
6732,yes
6733,no
6734,no
6735,no
6736,no
6737,no
6738,yes
6739,yes
6740,no
6741,no
6742,yes
6743,yes
6744,yes
6745,yes
6746,yes
6747,no
6748,no
6749,yes
6750,yes
6751,no
6752,no
6753,yes
6754,no
6755,no
6756,yes
6757,yes
6758,yes
6759,yes
6760,yes
6761,yes
6762,no
6763,yes
6764,no
6765,yes
6766,yes
6767,no
6768,no
6769,no
6770,no
6771,no
6772,no
6773,no
6774,no
6775,no
6776,yes
6777,no
6778,yes
6779,yes
6780,yes
6781,no
6782,no
6783,no
6784,yes
6785,yes
6786,yes
6787,yes
6788,no
6789,no
6790,no
6791,no
6792,yes
6793,yes
6794,no
6795,yes
6796,yes
6797,no
6798,no
6799,no
6800,no
6801,no
6802,no
6803,no
6804,no
6805,no
6806,no
6807,yes
6808,yes
6809,no
6810,yes
6811,yes
6812,no
6813,no
6814,yes
6815,no
6816,yes
6817,yes
6818,no
6819,no
6820,yes
6821,no
6822,yes
6823,yes
6824,yes
6825,yes
6826,no
6827,yes
6828,yes
6829,no
6830,no
6831,yes
6832,yes
6833,no
6834,no
6835,no
6836,no
6837,no
6838,no
6839,no
6840,yes
6841,no
6842,yes
6843,no
6844,no
6845,yes
6846,yes
6847,no
6848,yes
6849,yes
6850,yes
6851,no
6852,no
6853,yes
6854,yes
6855,yes
6856,yes
6857,no
6858,no
6859,yes
6860,yes
6861,yes
6862,no
6863,yes
6864,no
6865,no
6866,no
6867,yes
6868,yes
6869,no
6870,no
6871,no
6872,yes
6873,no
6874,yes
6875,no
6876,yes
6877,no
6878,yes
6879,no
6880,no
6881,yes
6882,yes
6883,yes
6884,yes
6885,no
6886,no
6887,yes
6888,yes
6889,no
6890,no
6891,no
6892,no
6893,no
6894,yes
6895,no
6896,yes
6897,yes
6898,no
6899,yes
6900,yes
6901,no
6902,no
6903,no
6904,no
6905,yes
6906,no
6907,no
6908,no
6909,no
6910,no
6911,no
6912,yes
6913,yes
6914,no
6915,yes
6916,no
6917,no
6918,no
6919,no
6920,no
6921,no
6922,yes
6923,yes
6924,no
6925,yes
6926,yes
6927,no
6928,no
6929,yes
6930,yes
6931,no
6932,no
6933,yes
6934,yes
6935,no
6936,no
6937,yes
6938,yes
6939,yes
6940,no
6941,no
6942,yes
6943,yes
6944,yes
6945,no
6946,yes
6947,no
6948,yes
6949,no
6950,no
6951,yes
6952,yes
6953,yes
6954,no
6955,no
6956,no
6957,yes
6958,no
6959,no
6960,yes
6961,yes
6962,no
6963,yes
6964,yes
6965,no
6966,yes
6967,yes
6968,no
6969,yes
6970,yes
6971,no
6972,yes
6973,no
6974,yes
6975,yes
6976,no
6977,yes
6978,no
6979,no
6980,yes
6981,no
6982,no
6983,no
6984,yes
6985,yes
6986,no
6987,no
6988,no
6989,no
6990,no
6991,yes
6992,yes
6993,no
6994,yes
6995,yes
6996,yes
6997,yes
6998,yes
6999,yes
7000,yes
7001,yes
7002,yes
7003,no
7004,yes
7005,no
7006,no
7007,yes
7008,no
7009,no
7010,no
7011,no
7012,yes
7013,yes
7014,no
7015,yes
7016,yes
7017,yes
7018,yes
7019,no
7020,yes
7021,no
7022,yes
7023,no
7024,no
7025,yes
7026,yes
7027,yes
7028,no
7029,yes
7030,yes
7031,yes
7032,no
7033,yes
7034,no
7035,no
7036,no
7037,no
7038,yes
7039,yes
7040,yes
7041,yes
7042,no
7043,yes
7044,no
7045,yes
7046,yes
7047,no
7048,no
7049,no
7050,yes
7051,no
7052,yes
7053,yes
7054,yes
7055,no
7056,yes
7057,yes
7058,no
7059,no
7060,no
7061,no
7062,no
7063,yes
7064,yes
7065,yes
7066,yes
7067,no
7068,no
7069,yes
7070,no
7071,no
7072,no
7073,yes
7074,yes
7075,no
7076,yes
7077,yes
7078,no
7079,no
7080,yes
7081,yes
7082,no
7083,yes
7084,yes
7085,yes
7086,no
7087,no
7088,no
7089,yes
7090,yes
7091,yes
7092,no
7093,yes
7094,yes
7095,yes
7096,yes
7097,yes
7098,no
7099,no
7100,yes
7101,no
7102,no
7103,no
7104,yes
7105,no
7106,no
7107,yes
7108,no
7109,yes
7110,yes
7111,yes
7112,yes
7113,no
7114,yes
7115,no
7116,yes
7117,no
7118,yes
7119,yes
7120,no
7121,yes
7122,no
7123,yes
7124,yes
7125,no
7126,yes
7127,no
7128,yes
7129,yes
7130,no
7131,yes
7132,yes
7133,yes
7134,no
7135,yes
7136,no
7137,no
7138,yes
7139,yes
7140,yes
7141,yes
7142,no
7143,no
7144,yes
7145,yes
7146,no
7147,yes
7148,no
7149,yes
7150,yes
7151,no
7152,yes
7153,yes
7154,no
7155,no
7156,no
7157,yes
7158,yes
7159,yes
7160,no
7161,no
7162,no
7163,yes
7164,no
7165,yes
7166,yes
7167,yes
7168,no
7169,yes
7170,yes
7171,no
7172,yes
7173,yes
7174,no
7175,no
7176,no
7177,yes
7178,no
7179,yes
7180,no
7181,yes
7182,no
7183,no
7184,yes
7185,no
7186,no
7187,yes
7188,yes
7189,yes
7190,yes
7191,no
7192,no
7193,no
7194,yes
7195,no
7196,yes
7197,yes
7198,yes
7199,no
7200,no
7201,yes
7202,yes
7203,yes
7204,yes
7205,no
7206,no
7207,no
7208,yes
7209,no
7210,yes
7211,no
7212,no
7213,no
7214,no
7215,yes
7216,yes
7217,no
7218,no
7219,yes
7220,no
7221,yes
7222,no
7223,no
7224,yes
7225,no
7226,yes
7227,yes
7228,no
7229,yes
7230,no
7231,no
7232,yes
7233,yes
7234,no
7235,no
7236,yes
7237,yes
7238,yes
7239,no
7240,yes
7241,yes
7242,no
7243,no
7244,yes
7245,yes
7246,no
7247,no
7248,no
7249,yes
7250,no
7251,yes
7252,yes
7253,yes
7254,yes
7255,yes
7256,no
7257,yes
7258,yes
7259,no
7260,yes
7261,yes
7262,no
7263,yes
7264,yes
7265,yes
7266,no
7267,no
7268,no
7269,yes
7270,no
7271,no
7272,no
7273,yes
7274,no
7275,yes
7276,no
7277,yes
7278,yes
7279,no
7280,yes
7281,yes
7282,no
7283,yes
7284,yes
7285,yes
7286,yes
7287,no
7288,no
7289,no
7290,yes
7291,yes
7292,no
7293,no
7294,no
7295,no
7296,yes
7297,no
7298,no
7299,yes
7300,yes
7301,no
7302,no
7303,no
7304,yes
7305,yes
7306,yes
7307,no
7308,yes
7309,yes
7310,yes
7311,no
7312,yes
7313,yes
7314,yes
7315,yes
7316,no
7317,no
7318,yes
7319,no
7320,yes
7321,no
7322,no
7323,yes
7324,no
7325,yes
7326,no
7327,yes
7328,yes
7329,yes
7330,no
7331,no
7332,yes
7333,yes
7334,no
7335,yes
7336,yes
7337,no
7338,yes
7339,no
7340,yes
7341,yes
7342,no
7343,yes
7344,yes
7345,yes
7346,yes
7347,yes
7348,no
7349,no
7350,yes
7351,no
7352,no
7353,yes
7354,no
7355,yes
7356,yes
7357,yes
7358,yes
7359,no
7360,no
7361,yes
7362,no
7363,yes
7364,yes
7365,yes
7366,yes
7367,no
7368,yes
7369,yes
7370,yes
7371,no
7372,yes
7373,yes
7374,yes
7375,no
7376,no
7377,yes
7378,no
7379,no
7380,yes
7381,no
7382,no
7383,no
7384,no
7385,no
7386,yes
7387,yes
7388,yes
7389,yes
7390,yes
7391,no
7392,no
7393,no
7394,no
7395,yes
7396,no
7397,no
7398,no
7399,yes
7400,yes
7401,yes
7402,no
7403,no
7404,no
7405,yes
7406,no
7407,no
7408,no
7409,no
7410,yes
7411,no
7412,yes
7413,yes
7414,no
7415,yes
7416,yes
7417,no
7418,yes
7419,no
7420,no
7421,yes
7422,yes
7423,yes
7424,no
7425,no
7426,no
7427,no
7428,yes
7429,yes
7430,no
7431,no
7432,yes
7433,yes
7434,no
7435,no
7436,no
7437,no
7438,no
7439,yes
7440,no
7441,no
7442,no
7443,yes
7444,yes
7445,yes
7446,no
7447,no
7448,no
7449,yes
7450,no
7451,no
7452,yes
7453,yes
7454,no
7455,no
7456,no
7457,yes
7458,no
7459,yes
7460,no
7461,yes
7462,no
7463,no
7464,no
7465,yes
7466,no
7467,yes
7468,no
7469,no
7470,yes
7471,no
7472,yes
7473,no
7474,yes
7475,yes
7476,yes
7477,yes
7478,no
7479,yes
7480,no
7481,no
7482,no
7483,yes
7484,no
7485,no
7486,yes
7487,no
7488,no
7489,no
7490,no
7491,no
7492,yes
7493,yes
7494,no
7495,no
7496,no
7497,no
7498,yes
7499,yes
7500,no
7501,yes
7502,no
7503,no
7504,no
7505,no
7506,no
7507,yes
7508,no
7509,yes
7510,yes
7511,no
7512,yes
7513,no
7514,yes
7515,no
7516,no
7517,no
7518,yes
7519,yes
7520,yes
7521,no
7522,yes
7523,yes
7524,yes
7525,no
7526,no
7527,no
7528,no
7529,yes
7530,yes
7531,yes
7532,no
7533,no
7534,no
7535,no
7536,yes
7537,yes
7538,yes
7539,yes
7540,no
7541,no
7542,yes
7543,no
7544,no
7545,yes
7546,no
7547,yes
7548,no
7549,yes
7550,no
7551,no
7552,no
7553,no
7554,no
7555,yes
7556,no
7557,no
7558,yes
7559,yes
7560,no
7561,no
7562,yes
7563,no
7564,no
7565,yes
7566,no
7567,yes
7568,no
7569,no
7570,no
7571,no
7572,no
7573,no
7574,yes
7575,no
7576,yes
7577,yes
7578,yes
7579,yes
7580,yes
7581,no
7582,no
7583,no
7584,yes
7585,yes
7586,no
7587,yes
7588,no
7589,yes
7590,no
7591,yes
7592,yes
7593,yes
7594,yes
7595,yes
7596,yes
7597,no
7598,no
7599,yes
7600,yes
7601,yes
7602,no
7603,yes
7604,yes
7605,no
7606,yes
7607,no
7608,yes
7609,yes
7610,no
7611,yes
7612,no
7613,yes
7614,yes
7615,yes
7616,no
7617,no
7618,yes
7619,no
7620,no
7621,yes
7622,yes
7623,no
7624,no
7625,yes
7626,no
7627,no
7628,no
7629,yes
7630,yes
7631,yes
7632,no
7633,no
7634,yes
7635,yes
7636,yes
7637,yes
7638,yes
7639,no
7640,yes
7641,yes
7642,yes
7643,no
7644,yes
7645,no
7646,no
7647,no
7648,yes
7649,yes
7650,yes
7651,yes
7652,no
7653,no
7654,yes
7655,no
7656,yes
7657,no
7658,yes
7659,no
7660,yes
7661,no
7662,no
7663,yes
7664,no
7665,yes
7666,yes
7667,no
7668,yes
7669,yes
7670,no
7671,no
7672,yes
7673,no
7674,no
7675,no
7676,yes
7677,yes
7678,yes
7679,yes
7680,yes
7681,no
7682,yes
7683,yes
7684,yes
7685,yes
7686,yes
7687,yes
7688,yes
7689,yes
7690,no
7691,yes
7692,yes
7693,no
7694,yes
7695,yes
7696,yes
7697,no
7698,yes
7699,yes
7700,no
7701,yes
7702,no
7703,no
7704,yes
7705,yes
7706,no
7707,yes
7708,yes
7709,yes
7710,no
7711,yes
7712,no
7713,no
7714,yes
7715,no
7716,yes
7717,yes
7718,no
7719,no
7720,no
7721,no
7722,no
7723,no
7724,yes
7725,yes
7726,no
7727,yes
7728,yes
7729,yes
7730,yes
7731,yes
7732,yes
7733,yes
7734,no
7735,yes
7736,yes
7737,yes
7738,no
7739,no
7740,no
7741,no
7742,no
7743,no
7744,no
7745,yes
7746,yes
7747,yes
7748,yes
7749,no
7750,yes
7751,no
7752,yes
7753,no
7754,no
7755,yes
7756,yes
7757,no
7758,no
7759,no
7760,yes
7761,no
7762,yes
7763,no
7764,yes
7765,yes
7766,no
7767,yes
7768,yes
7769,no
7770,yes
7771,yes
7772,yes
7773,yes
7774,no
7775,no
7776,yes
7777,yes
7778,yes
7779,yes
7780,yes
7781,yes
7782,yes
7783,yes
7784,no
7785,no
7786,yes
7787,no
7788,no
7789,no
7790,yes
7791,yes
7792,no
7793,no
7794,no
7795,yes
7796,yes
7797,no
7798,yes
7799,yes
7800,yes
7801,yes
7802,yes
7803,yes
7804,yes
7805,yes
7806,yes
7807,no
7808,no
7809,no
7810,no
7811,yes
7812,yes
7813,no
7814,yes
7815,yes
7816,no
7817,yes
7818,no
7819,yes
7820,no
7821,yes
7822,yes
7823,yes
7824,no
7825,no
7826,yes
7827,yes
7828,yes
7829,no
7830,no
7831,yes
7832,yes
7833,yes
7834,no
7835,no
7836,yes
7837,yes
7838,yes
7839,no
7840,no
7841,yes
7842,no
7843,yes
7844,yes
7845,yes
7846,yes
7847,no
7848,yes
7849,no
7850,yes
7851,no
7852,no
7853,yes
7854,no
7855,yes
7856,no
7857,no
7858,no
7859,no
7860,yes
7861,no
7862,yes
7863,yes
7864,yes
7865,no
7866,no
7867,no
7868,no
7869,yes
7870,yes
7871,yes
7872,no
7873,yes
7874,yes
7875,no
7876,no
7877,no
7878,yes
7879,no
7880,no
7881,no
7882,yes
7883,no
7884,yes
7885,no
7886,yes
7887,no
7888,yes
7889,no
7890,yes
7891,no
7892,no
7893,yes
7894,yes
7895,no
7896,yes
7897,yes
7898,no
7899,no
7900,yes
7901,no
7902,no
7903,no
7904,yes
7905,no
7906,yes
7907,yes
7908,yes
7909,no
7910,yes
7911,yes
7912,no
7913,yes
7914,no
7915,no
7916,no
7917,yes
7918,yes
7919,no
7920,no
7921,yes
7922,yes
7923,yes
7924,yes
7925,yes
7926,yes
7927,no
7928,no
7929,no
7930,no
7931,yes
7932,no
7933,yes
7934,yes
7935,yes
7936,yes
7937,yes
7938,no
7939,yes
7940,yes
7941,no
7942,no
7943,no
7944,yes
7945,no
7946,yes
7947,no
7948,yes
7949,no
7950,yes
7951,yes
7952,no
7953,yes
7954,no
7955,no
7956,yes
7957,no
7958,no
7959,yes
7960,yes
7961,no
7962,yes
7963,no
7964,yes
7965,no
7966,no
7967,no
7968,no
7969,yes
7970,no
7971,yes
7972,no
7973,no
7974,no
7975,yes
7976,yes
7977,yes
7978,yes
7979,yes
7980,no
7981,yes
7982,yes
7983,no
7984,no
7985,no
7986,no
7987,no
7988,no
7989,no
7990,no
7991,no
7992,yes
7993,yes
7994,no
7995,yes
7996,no
7997,yes
7998,no
7999,no
8000,no
8001,yes
8002,no
8003,yes
8004,no
8005,yes
8006,no
8007,no
8008,no
8009,yes
8010,yes
8011,no
8012,yes
8013,yes
8014,no
8015,yes
8016,no
8017,no
8018,no
8019,no
8020,yes
8021,no
8022,yes
8023,yes
8024,no
8025,yes
8026,no
8027,no
8028,no
8029,no
8030,no
8031,no
8032,no
8033,yes
8034,yes
8035,yes
8036,no
8037,yes
8038,yes
8039,yes
8040,yes
8041,yes
8042,no
8043,yes
8044,no
8045,no
8046,yes
8047,no
8048,no
8049,no
8050,no
8051,yes
8052,no
8053,yes
8054,no
8055,yes
8056,yes
8057,yes
8058,yes
8059,no
8060,no
8061,yes
8062,yes
8063,yes
8064,no
8065,yes
8066,yes
8067,yes
8068,no
8069,yes
8070,yes
8071,no
8072,no
8073,yes
8074,yes
8075,yes
8076,no
8077,yes
8078,no
8079,no
8080,yes
8081,yes
8082,yes
8083,no
8084,no
8085,yes
8086,no
8087,yes
8088,no
8089,yes
8090,no
8091,no
8092,no
8093,no
8094,no
8095,no
8096,no
8097,no
8098,no
8099,no
8100,yes
8101,yes
8102,no
8103,no
8104,no
8105,no
8106,yes
8107,yes
8108,yes
8109,no
8110,no
8111,yes
8112,no
8113,yes
8114,yes
8115,yes
8116,yes
8117,yes
8118,no
8119,no
8120,yes
8121,no
8122,no
8123,no
8124,yes
8125,yes
8126,yes
8127,no
8128,yes
8129,yes
8130,no
8131,yes
8132,yes
8133,yes
8134,yes
8135,no
8136,yes
8137,no
8138,no
8139,no
8140,yes
8141,no
8142,yes
8143,no
8144,yes
8145,no
8146,yes
8147,no
8148,no
8149,yes
8150,no
8151,yes
8152,yes
8153,yes
8154,yes
8155,no
8156,no
8157,yes
8158,no
8159,no
8160,yes
8161,no
8162,no
8163,no
8164,no
8165,no
8166,yes
8167,no
8168,no
8169,yes
8170,yes
8171,no
8172,yes
8173,no
8174,no
8175,yes
8176,yes
8177,no
8178,no
8179,no
8180,no
8181,no
8182,no
8183,no
8184,yes
8185,yes
8186,yes
8187,yes
8188,yes
8189,no
8190,no
8191,no
8192,yes
8193,yes
8194,no
8195,yes
8196,yes
8197,yes
8198,yes
8199,yes
8200,no
8201,yes
8202,no
8203,no
8204,yes
8205,yes
8206,yes
8207,yes
8208,yes
8209,no
8210,no
8211,yes
8212,no
8213,yes
8214,yes
8215,no
8216,yes
8217,yes
8218,yes
8219,no
8220,yes
8221,no
8222,yes
8223,yes
8224,no
8225,yes
8226,yes
8227,yes
8228,yes
8229,yes
8230,yes
8231,yes
8232,yes
8233,yes
8234,yes
8235,no
8236,yes
8237,yes
8238,no
8239,yes
8240,yes
8241,no
8242,yes
8243,no
8244,yes
8245,yes
8246,no
8247,no
8248,no
8249,yes
8250,yes
8251,no
8252,yes
8253,no
8254,yes
8255,yes
8256,no
8257,yes
8258,no
8259,no
8260,no
8261,no
8262,yes
8263,no
8264,yes
8265,no
8266,no
8267,no
8268,no
8269,yes
8270,yes
8271,yes
8272,no
8273,no
8274,no
8275,no
8276,yes
8277,no
8278,yes
8279,no
8280,yes
8281,no
8282,no
8283,yes
8284,yes
8285,yes
8286,no
8287,yes
8288,no
8289,no
8290,no
8291,no
8292,no
8293,yes
8294,no
8295,no
8296,yes
8297,no
8298,yes
8299,yes
8300,no
8301,yes
8302,no
8303,yes
8304,yes
8305,no
8306,yes
8307,no
8308,yes
8309,yes
8310,yes
8311,no
8312,no
8313,no
8314,no
8315,no
8316,no
8317,no
8318,no
8319,no
8320,yes
8321,yes
8322,yes
8323,no
8324,no
8325,no
8326,yes
8327,yes
8328,yes
8329,no
8330,no
8331,yes
8332,no
8333,no
8334,no
8335,no
8336,yes
8337,no
8338,no
8339,no
8340,yes
8341,no
8342,yes
8343,yes
8344,yes
8345,yes
8346,yes
8347,yes
8348,yes
8349,no
8350,yes
8351,yes
8352,yes
8353,yes
8354,no
8355,no
8356,yes
8357,yes
8358,yes
8359,no
8360,yes
8361,yes
8362,yes
8363,no
8364,yes
8365,no
8366,yes
8367,no
8368,yes
8369,no
8370,no
8371,no
8372,no
8373,yes
8374,no
8375,no
8376,no
8377,yes
8378,yes
8379,yes
8380,yes
8381,no
8382,no
8383,no
8384,no
8385,yes
8386,yes
8387,yes
8388,no
8389,no
8390,yes
8391,yes
8392,yes
8393,no
8394,no
8395,no
8396,yes
8397,yes
8398,yes
8399,no
8400,yes
8401,no
8402,no
8403,no
8404,no
8405,no
8406,yes
8407,yes
8408,yes
8409,no
8410,yes
8411,yes
8412,yes
8413,yes
8414,no
8415,yes
8416,no
8417,yes
8418,no
8419,yes
8420,no
8421,no
8422,yes
8423,no
8424,yes
8425,no
8426,yes
8427,yes
8428,no
8429,yes
8430,yes
8431,yes
8432,no
8433,yes
8434,no
8435,yes
8436,no
8437,yes
8438,yes
8439,no
8440,no
8441,yes
8442,yes
8443,yes
8444,no
8445,no
8446,yes
8447,yes
8448,yes
8449,no
8450,yes
8451,yes
8452,no
8453,yes
8454,yes
8455,yes
8456,yes
8457,no
8458,no
8459,no
8460,no
8461,yes
8462,yes
8463,no
8464,no
8465,yes
8466,no
8467,no
8468,yes
8469,yes
8470,yes
8471,yes
8472,yes
8473,yes
8474,no
8475,no
8476,yes
8477,yes
8478,no
8479,yes
8480,yes
8481,no
8482,yes
8483,no
8484,no
8485,no
8486,no
8487,no
8488,yes
8489,yes
8490,no
8491,yes
8492,no
8493,no
8494,no
8495,no
8496,no
8497,no
8498,yes
8499,no
8500,no
8501,yes
8502,yes
8503,yes
8504,yes
8505,no
8506,yes
8507,yes
8508,no
8509,no
8510,yes
8511,yes
8512,yes
8513,no
8514,yes
8515,no
8516,no
8517,yes
8518,no
8519,no
8520,yes
8521,no
8522,yes
8523,yes
8524,yes
8525,yes
8526,yes
8527,no
8528,no
8529,no
8530,no
8531,yes
8532,no
8533,no
8534,no
8535,yes
8536,yes
8537,yes
8538,yes
8539,no
8540,yes
8541,yes
8542,no
8543,no
8544,no
8545,yes
8546,yes
8547,yes
8548,no
8549,yes
8550,yes
8551,no
8552,yes
8553,yes
8554,no
8555,yes
8556,no
8557,no
8558,no
8559,no
8560,yes
8561,yes
8562,yes
8563,no
8564,no
8565,no
8566,yes
8567,no
8568,yes
8569,yes
8570,no
8571,no
8572,no
8573,yes
8574,yes
8575,no
8576,no
8577,no
8578,no
8579,no
8580,no
8581,yes
8582,no
8583,no
8584,yes
8585,no
8586,no
8587,yes
8588,yes
8589,yes
8590,yes
8591,yes
8592,no
8593,no
8594,yes
8595,yes
8596,no
8597,yes
8598,no
8599,yes
8600,yes
8601,yes
8602,no
8603,no
8604,yes
8605,no
8606,no
8607,yes
8608,yes
8609,no
8610,yes
8611,no
8612,yes
8613,no
8614,no
8615,no
8616,yes
8617,yes
8618,no
8619,no
8620,no
8621,no
8622,no
8623,yes
8624,no
8625,no
8626,no
8627,no
8628,yes
8629,no
8630,no
8631,no
8632,yes
8633,yes
8634,yes
8635,yes
8636,no
8637,yes
8638,yes
8639,yes
8640,yes
8641,no
8642,yes
8643,no
8644,no
8645,yes
8646,no
8647,yes
8648,no
8649,yes
8650,no
8651,no
8652,yes
8653,yes
8654,yes
8655,no
8656,no
8657,no
8658,no
8659,yes
8660,yes
8661,yes
8662,no
8663,no
8664,yes
8665,yes
8666,no
8667,no
8668,yes
8669,no
8670,no
8671,yes
8672,no
8673,yes
8674,yes
8675,no
8676,yes
8677,yes
8678,no
8679,no
8680,no
8681,no
8682,yes
8683,yes
8684,no
8685,no
8686,yes
8687,no
8688,yes
8689,no
8690,no
8691,no
8692,yes
8693,yes
8694,yes
8695,no
8696,no
8697,yes
8698,yes
8699,yes
8700,yes
8701,no
8702,no
8703,yes
8704,no
8705,no
8706,yes
8707,no
8708,yes
8709,no
8710,no
8711,yes
8712,yes
8713,no
8714,yes
8715,yes
8716,no
8717,no
8718,no
8719,no
8720,no
8721,yes
8722,yes
8723,no
8724,yes
8725,yes
8726,no
8727,yes
8728,no
8729,yes
8730,yes
8731,yes
8732,yes
8733,yes
8734,no
8735,yes
8736,yes
8737,yes
8738,yes
8739,yes
8740,yes
8741,no
8742,no
8743,yes
8744,no
8745,no
8746,yes
8747,no
8748,no
8749,no
8750,yes
8751,yes
8752,no
8753,no
8754,yes
8755,no
8756,no
8757,yes
8758,no
8759,yes
8760,yes
8761,no
8762,yes
8763,yes
8764,no
8765,no
8766,no
8767,yes
8768,no
8769,no
8770,yes
8771,no
8772,no
8773,no
8774,no
8775,yes
8776,yes
8777,yes
8778,yes
8779,no
8780,no
8781,yes
8782,yes
8783,no
8784,no
8785,yes
8786,yes
8787,yes
8788,yes
8789,yes
8790,no
8791,yes
8792,no
8793,yes
8794,yes
8795,yes
8796,no
8797,no
8798,yes
8799,yes
8800,no
8801,yes
8802,no
8803,no
8804,yes
8805,no
8806,yes
8807,no
8808,yes
8809,yes
8810,yes
8811,no
8812,no
8813,yes
8814,no
8815,no
8816,no
8817,yes
8818,no
8819,no
8820,no
8821,yes
8822,yes
8823,no
8824,yes
8825,no
8826,yes
8827,no
8828,no
8829,no
8830,yes
8831,no
8832,yes
8833,yes
8834,yes
8835,no
8836,yes
8837,yes
8838,no
8839,yes
8840,yes
8841,no
8842,yes
8843,no
8844,no
8845,yes
8846,yes
8847,no
8848,yes
8849,no
8850,yes
8851,no
8852,no
8853,yes
8854,no
8855,yes
8856,no
8857,no
8858,yes
8859,no
8860,yes
8861,yes
8862,no
8863,no
8864,yes
8865,yes
8866,no
8867,yes
8868,yes
8869,no
8870,yes
8871,no
8872,yes
8873,yes
8874,yes
8875,yes
8876,yes
8877,yes
8878,no
8879,yes
8880,yes
8881,yes
8882,yes
8883,yes
8884,yes
8885,yes
8886,no
8887,no
8888,no
8889,yes
8890,yes
8891,no
8892,no
8893,yes
8894,no
8895,no
8896,yes
8897,no
8898,yes
8899,no
8900,yes
8901,yes
8902,no
8903,yes
8904,yes
8905,no
8906,yes
8907,no
8908,yes
8909,no
8910,no
8911,no
8912,yes
8913,no
8914,no
8915,yes
8916,no
8917,no
8918,no
8919,no
8920,yes
8921,no
8922,yes
8923,no
8924,no
8925,yes
8926,no
8927,no
8928,no
8929,no
8930,yes
8931,yes
8932,no
8933,yes
8934,no
8935,yes
8936,no
8937,no
8938,yes
8939,no
8940,yes
8941,no
8942,no
8943,no
8944,yes
8945,no
8946,yes
8947,no
8948,no
8949,no
8950,yes
8951,no
8952,no
8953,no
8954,yes
8955,yes
8956,yes
8957,yes
8958,no
8959,no
8960,yes
8961,yes
8962,no
8963,yes
8964,yes
8965,yes
8966,no
8967,no
8968,no
8969,yes
8970,yes
8971,no
8972,no
8973,no
8974,no
8975,no
8976,no
8977,no
8978,yes
8979,yes
8980,no
8981,yes
8982,yes
8983,yes
8984,yes
8985,yes
8986,yes
8987,no
8988,no
8989,no
8990,no
8991,yes
8992,no
8993,no
8994,yes
8995,yes
8996,yes
8997,yes
8998,yes
8999,no
9000,no
9001,yes
9002,no
9003,yes
9004,yes
9005,no
9006,no
9007,yes
9008,no
9009,yes
9010,yes
9011,yes
9012,no
9013,no
9014,no
9015,no
9016,no
9017,no
9018,yes
9019,yes
9020,no
9021,no
9022,yes
9023,no
9024,no
9025,no
9026,yes
9027,yes
9028,no
9029,yes
9030,yes
9031,yes
9032,no
9033,no
9034,yes
9035,no
9036,yes
9037,no
9038,yes
9039,yes
9040,yes
9041,no
9042,yes
9043,yes
9044,no
9045,no
9046,yes
9047,no
9048,yes
9049,no
9050,no
9051,yes
9052,no
9053,no
9054,yes
9055,no
9056,yes
9057,no
9058,yes
9059,yes
9060,yes
9061,yes
9062,no
9063,yes
9064,yes
9065,no
9066,yes
9067,no
9068,yes
9069,yes
9070,yes
9071,no
9072,no
9073,no
9074,yes
9075,yes
9076,no
9077,no
9078,no
9079,no
9080,yes
9081,yes
9082,yes
9083,no
9084,no
9085,yes
9086,no
9087,yes
9088,no
9089,no
9090,yes
9091,yes
9092,yes
9093,yes
9094,no
9095,no
9096,no
9097,no
9098,yes
9099,no
9100,no
9101,no
9102,yes
9103,no
9104,yes
9105,no
9106,no
9107,no
9108,no
9109,yes
9110,yes
9111,no
9112,no
9113,yes
9114,no
9115,yes
9116,yes
9117,no
9118,yes
9119,no
9120,no
9121,yes
9122,no
9123,yes
9124,no
9125,yes
9126,yes
9127,no
9128,no
9129,no
9130,no
9131,no
9132,no
9133,no
9134,yes
9135,yes
9136,yes
9137,no
9138,no
9139,no
9140,yes
9141,no
9142,yes
9143,no
9144,no
9145,no
9146,no
9147,no
9148,no
9149,yes
9150,no
9151,yes
9152,no
9153,yes
9154,yes
9155,yes
9156,no
9157,no
9158,no
9159,yes
9160,yes
9161,yes
9162,no
9163,no
9164,yes
9165,yes
9166,yes
9167,no
9168,no
9169,no
9170,no
9171,yes
9172,no
9173,yes
9174,no
9175,yes
9176,yes
9177,no
9178,no
9179,yes
9180,no
9181,no
9182,no
9183,yes
9184,yes
9185,no
9186,no
9187,yes
9188,no
9189,no
9190,no
9191,yes
9192,yes
9193,no
9194,yes
9195,no
9196,no
9197,no
9198,no
9199,yes
9200,yes
9201,no
9202,yes
9203,no
9204,yes
9205,no
9206,no
9207,no
9208,yes
9209,yes
9210,yes
9211,yes
9212,yes
9213,no
9214,yes
9215,yes
9216,no
9217,yes
9218,yes
9219,yes
9220,yes
9221,no
9222,no
9223,no
9224,yes
9225,no
9226,yes
9227,yes
9228,yes
9229,yes
9230,no
9231,yes
9232,yes
9233,no
9234,yes
9235,yes
9236,yes
9237,no
9238,yes
9239,no
9240,yes
9241,yes
9242,no
9243,yes
9244,yes
9245,yes
9246,no
9247,yes
9248,no
9249,no
9250,no
9251,no
9252,no
9253,no
9254,yes
9255,yes
9256,no
9257,no
9258,no
9259,no
9260,yes
9261,no
9262,yes
9263,no
9264,no
9265,yes
9266,yes
9267,no
9268,no
9269,yes
9270,no
9271,yes
9272,yes
9273,no
9274,no
9275,no
9276,yes
9277,yes
9278,yes
9279,no
9280,no
9281,yes
9282,yes
9283,yes
9284,no
9285,no
9286,no
9287,yes
9288,no
9289,yes
9290,yes
9291,yes
9292,no
9293,no
9294,no
9295,no
9296,no
9297,no
9298,yes
9299,yes
9300,yes
9301,no
9302,no
9303,no
9304,yes
9305,yes
9306,yes
9307,no
9308,no
9309,yes
9310,no
9311,no
9312,no
9313,yes
9314,no
9315,no
9316,yes
9317,yes
9318,no
9319,yes
9320,yes
9321,no
9322,no
9323,yes
9324,yes
9325,yes
9326,no
9327,yes
9328,yes
9329,yes
9330,no
9331,no
9332,yes
9333,yes
9334,no
9335,no
9336,no
9337,no
9338,no
9339,no
9340,no
9341,no
9342,no
9343,yes
9344,no
9345,yes
9346,no
9347,no
9348,no
9349,no
9350,yes
9351,yes
9352,no
9353,yes
9354,no
9355,yes
9356,yes
9357,yes
9358,no
9359,yes
9360,no
9361,no
9362,yes
9363,yes
9364,no
9365,yes
9366,no
9367,yes
9368,no
9369,no
9370,yes
9371,no
9372,no
9373,yes
9374,yes
9375,yes
9376,yes
9377,no
9378,no
9379,yes
9380,yes
9381,yes
9382,yes
9383,no
9384,yes
9385,yes
9386,yes
9387,no
9388,no
9389,yes
9390,yes
9391,yes
9392,no
9393,no
9394,no
9395,yes
9396,yes
9397,no
9398,no
9399,yes
9400,no
9401,yes
9402,yes
9403,no
9404,no
9405,no
9406,yes
9407,no
9408,no
9409,yes
9410,yes
9411,no
9412,no
9413,no
9414,no
9415,no
9416,no
9417,yes
9418,yes
9419,no
9420,no
9421,yes
9422,no
9423,yes
9424,no
9425,yes
9426,yes
9427,no
9428,no
9429,yes
9430,no
9431,no
9432,no
9433,no
9434,no
9435,yes
9436,yes
9437,no
9438,yes
9439,yes
9440,yes
9441,no
9442,yes
9443,yes
9444,no
9445,yes
9446,no
9447,yes
9448,yes
9449,no
9450,yes
9451,yes
9452,no
9453,no
9454,yes
9455,yes
9456,no
9457,yes
9458,no
9459,no
9460,yes
9461,yes
9462,no
9463,yes
9464,no
9465,yes
9466,no
9467,yes
9468,no
9469,no
9470,no
9471,yes
9472,yes
9473,yes
9474,no
9475,no
9476,no
9477,yes
9478,no
9479,no
9480,yes
9481,no
9482,yes
9483,no
9484,yes
9485,no
9486,yes
9487,no
9488,yes
9489,yes
9490,yes
9491,no
9492,yes
9493,no
9494,yes
9495,no
9496,yes
9497,no
9498,yes
9499,yes
9500,no
9501,no
9502,no
9503,yes
9504,no
9505,no
9506,no
9507,yes
9508,no
9509,yes
9510,yes
9511,yes
9512,yes
9513,no
9514,yes
9515,yes
9516,yes
9517,yes
9518,yes
9519,yes
9520,no
9521,no
9522,yes
9523,no
9524,yes
9525,yes
9526,yes
9527,yes
9528,no
9529,no
9530,yes
9531,no
9532,no
9533,yes
9534,yes
9535,no
9536,yes
9537,no
9538,no
9539,no
9540,no
9541,no
9542,yes
9543,yes
9544,no
9545,yes
9546,no
9547,no
9548,yes
9549,yes
9550,no
9551,no
9552,yes
9553,yes
9554,no
9555,no
9556,no
9557,yes
9558,no
9559,yes
9560,no
9561,no
9562,yes
9563,yes
9564,no
9565,no
9566,yes
9567,no
9568,no
9569,yes
9570,no
9571,no
9572,no
9573,no
9574,no
9575,yes
9576,yes
9577,no
9578,yes
9579,yes
9580,yes
9581,yes
9582,yes
9583,no
9584,yes
9585,no
9586,yes
9587,yes
9588,no
9589,no
9590,no
9591,yes
9592,yes
9593,yes
9594,no
9595,yes
9596,no
9597,no
9598,no
9599,yes
9600,no
9601,no
9602,yes
9603,no
9604,yes
9605,yes
9606,no
9607,yes
9608,no
9609,yes
9610,no
9611,yes
9612,yes
9613,yes
9614,yes
9615,yes
9616,no
9617,no
9618,yes
9619,yes
9620,yes
9621,yes
9622,yes
9623,no
9624,yes
9625,yes
9626,no
9627,no
9628,no
9629,no
9630,no
9631,yes
9632,no
9633,yes
9634,no
9635,yes
9636,yes
9637,yes
9638,yes
9639,yes
9640,yes
9641,no
9642,yes
9643,no
9644,yes
9645,no
9646,no
9647,yes
9648,no
9649,no
9650,no
9651,yes
9652,no
9653,no
9654,yes
9655,no
9656,yes
9657,yes
9658,no
9659,no
9660,yes
9661,yes
9662,yes
9663,yes
9664,yes
9665,yes
9666,yes
9667,yes
9668,yes
9669,yes
9670,no
9671,yes
9672,yes
9673,no
9674,no
9675,no
9676,yes
9677,yes
9678,yes
9679,yes
9680,no
9681,yes
9682,no
9683,yes
9684,yes
9685,yes
9686,no
9687,no
9688,no
9689,no
9690,yes
9691,no
9692,yes
9693,yes
9694,yes
9695,no
9696,no
9697,yes
9698,no
9699,no
9700,yes
9701,yes
9702,no
9703,no
9704,yes
9705,yes
9706,no
9707,yes
9708,no
9709,no
9710,no
9711,yes
9712,yes
9713,yes
9714,no
9715,yes
9716,no
9717,yes
9718,no
9719,yes
9720,yes
9721,no
9722,no
9723,no
9724,no
9725,no
9726,yes
9727,no
9728,no
9729,no
9730,yes
9731,yes
9732,yes
9733,yes
9734,no
9735,no
9736,yes
9737,yes
9738,no
9739,no
9740,yes
9741,no
9742,no
9743,yes
9744,no
9745,no
9746,yes
9747,no
9748,no
9749,yes
9750,yes
9751,yes
9752,no
9753,no
9754,no
9755,yes
9756,yes
9757,no
9758,yes
9759,yes
9760,yes
9761,yes
9762,yes
9763,no
9764,no
9765,yes
9766,no
9767,yes
9768,yes
9769,no
9770,yes
9771,yes
9772,yes
9773,yes
9774,no
9775,yes
9776,yes
9777,yes
9778,yes
9779,yes
9780,yes
9781,no
9782,no
9783,no
9784,no
9785,yes
9786,yes
9787,yes
9788,no
9789,yes
9790,yes
9791,yes
9792,no
9793,yes
9794,no
9795,no
9796,no
9797,no
9798,no
9799,no
9800,yes
9801,no
9802,no
9803,no
9804,yes
9805,no
9806,no
9807,yes
9808,no
9809,no
9810,no
9811,yes
9812,yes
9813,yes
9814,no
9815,no
9816,no
9817,yes
9818,yes
9819,yes
9820,yes
9821,no
9822,yes
9823,no
9824,yes
9825,no
9826,yes
9827,no
9828,yes
9829,yes
9830,no
9831,no
9832,yes
9833,yes
9834,yes
9835,yes
9836,yes
9837,yes
9838,no
9839,no
9840,yes
9841,no
9842,no
9843,no
9844,no
9845,no
9846,yes
9847,yes
9848,no
9849,no
9850,yes
9851,yes
9852,no
9853,yes
9854,no
9855,yes
9856,yes
9857,no
9858,no
9859,yes
9860,no
9861,no
9862,no
9863,no
9864,no
9865,yes
9866,yes
9867,no
9868,yes
9869,yes
9870,yes
9871,no
9872,no
9873,no
9874,yes
9875,no
9876,no
9877,no
9878,no
9879,no
9880,yes
9881,yes
9882,yes
9883,yes
9884,no
9885,no
9886,yes
9887,yes
9888,yes
9889,yes
9890,no
9891,yes
9892,no
9893,yes
9894,no
9895,yes
9896,yes
9897,no
9898,no
9899,yes
9900,no
9901,yes
9902,no
9903,no
9904,yes
9905,no
9906,yes
9907,yes
9908,yes
9909,no
9910,yes
9911,yes
9912,no
9913,no
9914,no
9915,yes
9916,yes
9917,no
9918,no
9919,yes
9920,no
9921,no
9922,yes
9923,yes
9924,yes
9925,no
9926,yes
9927,no
9928,no
9929,no
9930,yes
9931,yes
9932,no
9933,yes
9934,no
9935,yes
9936,no
9937,no
9938,yes
9939,yes
9940,no
9941,yes
9942,yes
9943,yes
9944,yes
9945,no
9946,yes
9947,no
9948,no
9949,yes
9950,no
9951,yes
9952,yes
9953,yes
9954,yes
9955,no
9956,no
9957,no
9958,no
9959,yes
9960,yes
9961,yes
9962,yes
9963,yes
9964,no
9965,no
9966,no
9967,no
9968,no
9969,no
9970,yes
9971,yes
9972,yes
9973,no
9974,no
9975,yes
9976,no
9977,yes
9978,yes
9979,yes
9980,yes
9981,no
9982,yes
9983,no
9984,no
9985,yes
9986,yes
9987,yes
9988,yes
9989,no
9990,yes
9991,yes
9992,no
9993,no
9994,no
9995,no
9996,no
9997,yes
9998,no
9999,no
